,Unnamed: 0,Name,Team,Pos,Nationality,CTteam,Height,Weight,MinutesPlayedPG,ptsPG,rebPG,astPG,toPG,stlPG,blkPG,pfPG,TotalGames,TotalMinutesPlayed,2ptsPercentage,3ptsPercentage,ftPercentage,fgPercentage,2ptsM_PG,2ptsA_PG,3ptsM_PG,3ptsA_PG,ftM_PG,ftA_PG,fgM_PG,fgA_PG,Totalpts,TotalREB,TotalAst,TotalTO,TotalSTL,TotalBLK,TotalPF,EFF,eFG,TS,TOV,C,F,G
0,0,夏普,金門酒廠,F,0,0,204,111,32,19.7,13.1,2.9,2.6,1.5,2,2.5,44,1395,0.4885,0.3529,0.6977,0.4483,5.8,11.9,1.8,5,2.7,3.9,7.6,16.9,866,578,129,113,67,86,110,26.1,0.50295858,0.52911474,0.12254902,0,1,0
1,1,賽勒,金門酒廠,C,0,0,211,138,32,16.3,13.9,1.2,2.2,0.7,1.7,3.1,47,1494,0.7089,0,0.4532,0.7089,7.1,10.1,0,0,2,4.3,7.1,10.1,764,655,55,102,31,78,145,26.3,0.702970297,0.679619746,0.155016911,1,0,0
2,2,瓊斯,桃園璞園建築,C,0,0,195,82,29,17.7,9.6,1,2.1,1.4,1.4,1.7,56,1649,0.5158,0.2447,0.7546,0.4835,6.4,12.4,0.4,1.7,3.7,4.9,6.8,14.1,993,536,56,120,80,78,93,20.5,0.496453901,0.54441437,0.11440401,1,0,0
3,3,戴維斯,裕隆納智捷,F,0,0,206,105,35,22.7,13,3.1,4.1,2.4,1.5,3.2,85,2943,0.4703,0.1594,0.6292,0.4572,8.7,18.6,0.1,0.8,4.8,7.6,8.9,19.4,1928,1101,263,345,203,125,274,25.3,0.461340206,0.499032712,0.152734317,0,1,0
4,4,史貝斯,臺灣銀行,F,0,0,199,100,27,15.8,7.1,1.9,1.2,1.7,1.3,3.2,9,240,0.5195,0.4,0.7647,0.486,4.4,8.6,1.3,3.3,2.9,3.8,5.8,11.9,142,64,17,11,15,12,29,19.6,0.542016807,0.582080754,0.081234768,0,1,0
5,5,天使,金門酒廠,F,0,0,195,93,30,18.5,9.2,2.5,2.5,1.5,1.9,1.8,22,655,0.4599,0.3333,0.663,0.4153,5,10.8,2,5.9,2.8,4.2,6.9,16.6,408,203,55,56,34,42,40,20,0.475903614,0.501409367,0.119343135,0,1,0
6,6,強森,桃園璞園建築,F,0,0,195,90,30,22.3,9.4,4.1,2,1.3,0.4,1.5,21,624,0.5576,0.3707,0.7519,0.4925,5.8,10.3,2,5.5,4.6,6.1,7.8,15.9,468,198,86,42,27,9,31,25.9,0.553459119,0.599978476,0.097162845,0,1,0
7,7,佐藍,金門酒廠,F,0,0,197,95,27,17.2,6,2,1.9,0.5,0.3,1.9,21,559,0.6013,0.3738,0.8657,0.5077,4.4,7.3,1.9,5.1,2.8,3.2,6.3,12.4,362,125,41,40,10,6,39,17.6,0.584677419,0.622827346,0.120957474,0,1,0
8,8,道森,裕隆納智捷,C,0,0,202,105,30,17.4,15.8,2.3,1.9,1.4,1.4,1.9,14,426,0.5266,0,0.7419,0.5266,7.1,13.4,0,0,3.3,4.4,7.1,13.4,244,221,32,27,20,20,26,29,0.529850746,0.567292645,0.110234393,1,0,0
9,9,賈西亞,富邦勇士,C,0,0,208,104,32,21.4,12.8,2.5,2.6,0.8,1.2,2.7,53,1711,0.4889,0.2308,0.7135,0.4595,7.5,15.3,0.5,2,5.1,7.1,7.9,17.2,1133,677,132,139,41,64,142,24.8,0.473837209,0.526471167,0.113418252,1,0,0
10,10,伍茲,臺灣銀行,F,0,0,194,105,26,19.3,5.3,2,1.1,0.4,0,1.3,8,209,0.53,0.2326,0.6429,0.4406,6.6,12.5,1.3,5.4,2.3,3.5,7.9,17.9,154,42,16,9,3,0,10,14.7,0.477653631,0.496399177,0.053554041,0,1,0
11,11,羅德尼,臺灣銀行,F,0,0,197,102,26,14.3,5.7,1.1,0.9,1,0.1,2.6,7,179,0.434,0.4815,0.7143,0.45,3.3,7.6,1.9,3.9,2.1,3,5.1,11.4,100,40,8,6,7,1,18,14.1,0.530701754,0.562106918,0.066079295,0,1,0
12,12,凱爾,桃園璞園建築,F,0,0,204,102,29,14,9.3,3.1,1.7,1,1.2,2.5,28,798,0.5854,0.3984,0.7536,0.5052,3.4,5.9,1.8,4.4,1.9,2.5,5.2,10.3,391,260,87,47,28,34,69,21.2,0.59223301,0.614035088,0.129770992,0,1,0
13,13,泰勒,臺灣銀行,F,0,0,199,100,32,18.5,11.1,2.9,4.3,2.2,1.4,3.3,46,1482,0.5797,0.3014,0.6503,0.4699,5.5,9.4,1.8,6.1,2,3.1,7.3,15.5,850,509,135,196,100,65,152,22.5,0.529032258,0.548505693,0.203175203,0,1,0
14,14,米歇爾,富邦勇士,F,0,0,198,105,31,17.6,10.6,2.3,2.8,0.9,2.7,2.4,31,948,0.6975,0.3733,0.6053,0.6292,6.3,9.1,0.9,2.4,2.2,3.7,7.2,11.5,545,328,71,88,29,85,75,25.5,0.665217391,0.670322974,0.17579106,0,1,0
15,15,貝斯,金門酒廠,F,0,0,197,95,29,20.7,10.9,2.8,2.5,2.5,1.1,2.5,11,316,0.4698,0.2985,0.7,0.4167,6.4,13.5,1.8,6.1,2.5,3.6,8.2,19.6,228,120,31,28,27,12,27,23,0.464285714,0.488576284,0.105556494,0,1,0
16,16,陳昱瑞,臺灣銀行,G,1,0,185,75,25,9.2,3,1.7,1.1,1.3,0.1,2.4,36,897,0.4286,0.3207,0.7931,0.3645,1.5,3.5,1.6,5.1,1.3,1.6,3.1,8.6,331,107,61,41,45,3,87,8.4,0.453488372,0.494411006,0.105728566,0,0,1
17,17,李維哲,臺灣銀行,G,1,1,179,81,23,7.3,2.5,2.5,1.4,0.9,0.1,1.9,131,3041,0.4051,0.27,0.6707,0.3581,2,4.8,0.7,2.6,1.3,1.9,2.6,7.4,950,332,334,188,120,8,245,6.5,0.398648649,0.443176299,0.145288501,0,0,1
18,18,陳順詳,臺灣銀行,G,1,1,190,90,29,12.7,3.4,2.1,2.2,0.9,0.3,2.1,337,9688,0.4959,0.3527,0.7904,0.419,2.3,4.7,1.9,5.4,2.3,3,4.2,10.1,4289,1139,696,741,314,114,721,10.6,0.50990099,0.556042032,0.161527166,0,0,1
19,19,楊天佑,臺灣銀行,G,1,0,170,70,3,0.9,0.2,0.4,0.6,0.2,0,0.8,12,40,0.3333,0.2222,0.75,0.25,0.1,0.3,0.2,0.8,0.3,0.3,0.3,1,11,2,5,7,2,0,9,0.4,0.4,0.397526502,0.346420323,0,0,1
20,20,呂宗霖,臺灣銀行,G,1,0,178,75,12,2.1,1.3,1.9,0.9,0.5,0,1.4,48,577,0.4625,0.1333,0.6818,0.3727,0.8,1.7,0.1,0.6,0.3,0.5,0.9,2.3,101,64,90,42,23,0,69,3.3,0.413043478,0.416666667,0.263157895,0,0,1
21,21,高健益,臺灣銀行,G,1,0,185,80,13,3.6,1.4,1.3,1.4,0.6,0.1,1.3,116,1537,0.3288,0.2667,0.6429,0.2851,0.4,1.3,0.8,3,0.4,0.6,1.2,4.2,417,168,151,161,70,8,148,2.4,0.380952381,0.403225806,0.238744884,0,0,1
22,22,林任鴻,臺灣銀行,F,1,0,194,89,13,3.7,1.4,0.7,0.8,0.6,0.1,1.3,73,941,0.4095,0.2747,0.4651,0.3688,1.2,2.9,0.3,1.2,0.3,0.6,1.5,4.1,267,99,49,57,47,6,93,2.8,0.402439024,0.423923006,0.154918668,0,1,0
23,23,呂冠霆,臺灣銀行,C,1,0,197,90,13,4.3,1.9,0.4,0.2,0.4,0.2,0.7,19,242,0.4242,0.3696,0.2,0.3924,0.7,1.7,0.9,2.4,0.1,0.5,1.6,4.2,81,36,8,4,8,4,13,4,0.488095238,0.486425339,0.043290043,1,0,0
24,24,范士恩,臺灣銀行,F,1,0,198,82,13,2.6,3.3,0.4,0.6,0.6,0.3,1.7,69,918,0.3977,0.2,0.5645,0.3871,1,2.6,0,0.1,0.5,0.9,1,2.7,181,225,25,38,42,18,117,4.5,0.37037037,0.419896641,0.162337662,0,1,0
25,25,陳侑昫,臺灣銀行,F,1,0,195,90,11,3.5,1.8,0.6,0.5,0.1,0.1,1.1,80,844,0.4682,0.321,0.7069,0.4213,1,2.2,0.3,1,0.5,0.7,1.3,3.2,281,141,46,38,10,9,87,3.5,0.453125,0.498859749,0.124750499,0,1,0
26,26,謝宗融,臺灣銀行,C,1,1,200,97,15,4.7,3.5,0.4,0.4,0.5,0.4,2.3,46,689,0.4579,0.2857,0.6757,0.4408,1.9,4.1,0.1,0.5,0.5,0.8,2,4.6,217,161,18,17,24,20,105,6.2,0.445652174,0.474555735,0.074738416,1,0,0
27,27,吳祐任,臺灣銀行,G,1,0,175,77,9,1.9,0.9,0.4,0.5,0.3,0,1,57,533,0.36,0.2063,0.6154,0.2899,0.5,1.3,0.2,1.1,0.3,0.5,0.7,2.4,109,52,25,30,17,0,59,1.1,0.333333333,0.36259542,0.16025641,0,0,1
28,28,黃家明,臺灣銀行,F,1,0,192,94,13,3.8,1.7,0.3,0.3,0.3,0.3,0.8,99,1242,0.3722,0.2792,0.5897,0.3286,0.8,2.3,0.6,2,0.5,0.8,1.4,4.2,377,166,31,34,30,31,76,3,0.404761905,0.417398946,0.061830173,0,1,0
29,29,張博勝,臺灣銀行,G,1,1,183,85,20,8.7,2.6,1.5,1.8,0.7,0.1,2.2,315,6434,0.4433,0.3223,0.7113,0.3897,1.9,4.3,1.1,3.5,1.5,2.1,3,7.8,2738,825,479,581,217,20,699,6.4,0.455128205,0.498624484,0.171037628,0,0,1
30,30,龍弘元,臺灣銀行,C,1,0,192,110,11,3.6,2.3,0.5,0.7,0.4,0.1,1.2,129,1462,0.44,0.1481,0.5955,0.4235,1.5,3.5,0,0.2,0.4,0.7,1.6,3.7,461,300,62,84,55,9,159,3.8,0.432432432,0.449101796,0.148683093,1,0,0
31,31,史密斯,臺灣銀行,C,0,0,204,115,31,14.3,13.5,3.7,2,1.7,1.2,2.1,15,462,0.4645,0.0667,0.6029,0.4343,5.7,12.2,0.1,1,2.7,4.5,5.7,13.2,214,203,56,30,25,18,32,23.1,0.435606061,0.471014493,0.116414435,1,0,0
32,32,潘向挺,台灣啤酒,G,1,0,185,72,15,2.3,3.1,2.6,1.9,2.1,0.3,1.1,7,108,0.4545,0.2857,0,0.3889,0.7,1.6,0.3,1,0,0,1,2.6,16,22,18,13,15,2,8,6.9,0.442307692,0.442307692,0.422222222,0,0,1
33,33,王子綱,台灣啤酒,G,1,0,183,73,12,4.1,1.2,0.8,0.6,0.4,0,0.8,78,925,0.3923,0.3459,0.6444,0.3651,0.7,1.7,0.8,2.4,0.4,0.6,1.5,4,323,95,62,47,33,1,63,3.2,0.475,0.480769231,0.123355263,0,0,1
34,34,李愷諺,台灣啤酒,G,1,1,182,80,16,5.5,2.3,1.6,1.3,0.8,0.1,1.6,70,1135,0.3865,0.2986,0.7122,0.3504,1.1,3,0.6,2.1,1.4,2,1.8,5,388,159,115,93,55,4,114,5.2,0.42,0.467687075,0.181058496,0,0,1
35,35,簡祐哲,台灣啤酒,G,1,0,180,75,10,3.9,1.3,0.5,0.3,0.6,0,0.8,16,163,0.4074,0.4545,0.6875,0.4286,0.7,1.7,0.6,1.4,0.7,1,1.3,3.1,63,21,8,4,9,0,13,3.9,0.516129032,0.550847458,0.078125,0,0,1
36,36,王政富,台灣啤酒,G,1,0,185,78,2,0,0,0.1,0,0,0,0.6,8,16,0,0,0,0,0,0.3,0,0.5,0,0,0,0.8,0,0,1,0,0,0,5,-0.7,0,0,0,0,0,1
37,37,朱億宗,台灣啤酒,F,1,0,186,85,18,6.4,3.4,0.9,1,0.8,0.2,1.8,196,3550,0.5129,0.2798,0.7151,0.4446,2.1,4.1,0.5,1.7,0.7,0.9,2.6,5.9,1247,658,168,200,160,37,346,7.2,0.483050847,0.508259212,0.137061404,0,1,0
38,38,黃聰翰,台灣啤酒,F,1,1,193,85,21,8.2,2.1,0.7,1,1,0.2,1.1,66,1393,0.3952,0.3368,0.7403,0.3638,1.5,3.8,1.5,4.4,0.9,1.2,3,8.1,544,137,47,67,68,11,75,5.8,0.462962963,0.475197033,0.103863731,0,1,0
39,39,蔣淯安,台灣啤酒,G,1,1,174,65,23,9.7,2.7,2.6,1.9,1.4,0.1,2.2,113,2618,0.483,0.3483,0.7037,0.44,2.6,5.5,0.9,2.6,1.7,2.4,3.5,8,1091,307,295,215,162,15,253,9.4,0.49375,0.535556537,0.173420957,0,0,1
40,40,周伯勳,台灣啤酒,F,1,1,197,85,23,8,6.5,1,1.4,0.9,0.4,1.9,198,4588,0.5224,0.2452,0.66,0.4765,2.8,5.3,0.3,1.1,1.7,2.5,3,6.3,1581,1282,195,274,183,86,372,11.3,0.5,0.540540541,0.159090909,0,1,0
41,41,成力煥,台灣啤酒,F,1,1,189,90,16,4.9,2,1.7,1.4,0.6,0.1,1.9,139,2173,0.4489,0.3402,0.7538,0.4117,1.2,2.7,0.5,1.4,1.1,1.4,1.7,4.1,679,280,243,188,89,20,259,5.2,0.475609756,0.519508058,0.228907783,0,1,0
42,42,黃泓瀚,台灣啤酒,F,1,1,190,85,16,3.3,3.2,1.9,1.2,0.9,0.4,2.5,55,866,0.4519,0.2687,0.6034,0.3801,0.9,1.9,0.3,1.2,0.6,1.1,1.2,3.1,183,177,104,64,51,21,136,6.1,0.435483871,0.460379464,0.25083612,0,1,0
43,43,張羽霖,台灣啤酒,F,1,0,190,87,16,7.5,2.3,0.6,1.4,0.6,0.1,2.2,347,5717,0.4368,0.3207,0.6662,0.3825,1.6,3.6,1,3.2,1.3,2,2.6,6.8,2615,799,219,496,220,44,753,4.8,0.455882353,0.48828125,0.154185022,0,1,0
44,44,翟振皓,台灣啤酒,C,1,0,194,95,4,0.9,1,0,0.3,0.2,0,1.1,10,44,0.2857,0.1429,1,0.2143,0.2,0.7,0.1,0.7,0.2,0.2,0.3,1.4,9,10,0,3,2,0,11,0.7,0.25,0.302419355,0.167785235,1,0,0
45,45,王皓吉,台灣啤酒,F,1,0,195,93,13,3.4,2.4,0.5,0.6,0.3,0.1,1.5,138,1787,0.4476,0.2166,0.7297,0.3708,1,2.3,0.2,1.1,0.6,0.8,1.3,3.4,465,337,70,88,43,20,201,3.8,0.411764706,0.453091684,0.137867647,0,1,0
46,46,吳曉謹,台灣啤酒,F,1,0,188,75,8,1.9,1.1,0.3,0.5,0.2,0,0.7,14,109,0.3462,0.3333,0.75,0.3438,0.6,1.9,0.1,0.4,0.2,0.3,0.8,2.3,27,15,4,7,3,0,10,1.4,0.369565217,0.390625,0.17053206,0,1,0
47,47,陳兆豪,台灣啤酒,C,1,0,197,95,8,2.4,1.8,0.4,0.6,0.3,0.1,1.3,85,679,0.3919,0.3333,0.6286,0.3889,1,2.6,0,0.1,0.3,0.4,1.1,2.8,208,156,38,51,22,10,110,2.6,0.392857143,0.403225806,0.167785235,1,0,0
48,48,蘇柏彰,台灣啤酒,C,1,0,200,111,9,2.9,2.2,0.3,0.6,0.2,0.3,1.4,111,1015,0.4452,0,0.5702,0.4421,1.1,2.5,0,0,0.6,1,1.1,2.6,317,246,34,68,18,33,152,3.4,0.423076923,0.476973684,0.164835165,1,0,0
49,49,愛德,台灣啤酒,F,0,0,191,90,25,15.5,5.6,4,2.4,1.1,0.3,1.5,35,882,0.5735,0.3669,0.5625,0.4943,4.5,7.8,1.8,4.8,1.3,2.3,6.2,12.6,543,196,141,85,38,9,53,16.7,0.563492063,0.569350573,0.149887584,0,1,0
50,50,塞瑟夫,台灣啤酒,C,0,0,211,110,32,18.2,10.3,3.1,2.4,0.7,1.9,2.1,35,1118,0.5483,0.39,0.8333,0.5155,6,10.9,1.1,2.9,2.9,3.4,7.1,13.8,637,362,110,83,25,65,72,24.6,0.554347826,0.594926778,0.13562387,1,0,0
51,51,李秉鴻,富邦勇士,G,1,0,180,79,13,3.3,1.2,0.6,1.1,0.5,0,1.5,91,1219,0.343,0.2846,0.6712,0.3205,0.8,2.3,0.4,1.4,0.5,0.8,1.2,3.7,302,113,59,96,48,1,132,1.7,0.378378378,0.407206318,0.213509317,0,0,1
52,52,賴廷恩,富邦勇士,G,1,0,180,70,8,1.8,1.4,1.7,0.5,0.7,0,0.3,26,211,0.3529,0.2,0.8333,0.3279,0.7,2,0.1,0.4,0.2,0.2,0.8,2.3,47,36,43,13,19,0,9,3.6,0.369565217,0.376884422,0.173130194,0,0,1
53,53,林書緯,富邦勇士,G,1,0,182,69,26,11.5,3,3.9,2.4,1.4,0.3,1.5,118,3088,0.4407,0.327,0.7403,0.4031,3.2,7.2,1.2,3.6,1.6,2.2,4.3,10.8,1352,355,464,281,171,36,177,10.6,0.453703704,0.488613188,0.169395822,0,0,1
54,54,張宗憲,富邦勇士,F,1,1,192,86,23,10.7,3.2,2.5,2,1.2,0.3,1.3,71,1619,0.4059,0.2293,0.6332,0.3714,3.7,9.1,0.5,2.2,1.8,2.8,4.2,11.3,760,227,181,145,87,19,91,7.8,0.39380531,0.426907118,0.137627305,0,1,0
55,55,張伯維,富邦勇士,F,1,0,190,88,23,8.1,3.3,1.2,1.1,1,0.2,2.4,133,3013,0.4431,0.3134,0.7647,0.3881,2,4.4,1,3.3,1.1,1.4,3,7.7,1073,443,153,149,139,23,316,7.7,0.454545455,0.487012987,0.11682243,0,1,0
56,56,郭少傑,富邦勇士,G,1,0,190,82,15,5.3,1.7,0.7,0.9,0.4,0.1,1.5,141,2067,0.4673,0.3237,0.6727,0.3928,1.1,2.3,0.8,2.5,0.8,1.2,1.9,4.7,747,242,92,131,57,12,211,4.1,0.489361702,0.506885998,0.146866841,0,0,1
57,57,蕭順議,富邦勇士,F,1,0,192,81,16,4.4,2.6,0.7,0.7,0.5,0.2,1.6,84,1330,0.364,0.2676,0.6587,0.3281,1,2.8,0.5,1.7,1,1.5,1.5,4.5,371,218,57,55,43,19,136,4.2,0.388888889,0.426356589,0.119453925,0,1,0
58,58,林孟學,富邦勇士,F,1,0,195,88,13,3,2.5,0.4,0.8,0.3,0.2,1.5,112,1409,0.5478,0.2,0.4839,0.5355,1.3,2.4,0,0.1,0.3,0.6,1.3,2.5,334,282,50,87,37,18,169,4.1,0.52,0.542691751,0.224466891,0,1,0
59,59,蔡文誠,富邦勇士,F,1,1,190,96,23,10,5.7,1.7,1.7,1,0.1,1.6,364,8191,0.4822,0.2746,0.74,0.4597,3.6,7.6,0.3,0.9,1.9,2.6,3.9,8.5,3632,2076,613,618,367,46,596,11.5,0.476470588,0.518457072,0.149858956,0,1,0
60,60,林郅為,富邦勇士,C,1,1,200,95,13,3.4,2.6,0.3,0.7,0.3,0.4,1.7,113,1482,0.4116,0.1667,0.5887,0.4078,1.4,3.4,0,0.1,0.6,1.1,1.4,3.4,388,289,31,74,31,43,189,3.8,0.411764706,0.4376931,0.152705061,1,0,0
61,61,吳宏興,富邦勇士,C,1,1,202,83,8,2.8,2.3,0.1,0.5,0.2,0.3,1.3,153,1189,0.4643,0,0.5671,0.4617,1.1,2.4,0,0,0.6,1.1,1.1,2.4,431,349,21,84,26,41,193,3.4,0.458333333,0.485436893,0.147754137,1,0,0
62,62,洪志善,富邦勇士,G,1,1,176,77,25,7.7,2.4,2.7,1.2,1.1,0.1,2.1,271,6776,0.4199,0.4078,0.7692,0.411,0.7,1.6,1.9,4.6,0.6,0.8,2.6,6.3,2075,643,740,315,300,32,564,8.9,0.563492063,0.578773301,0.152827305,0,0,1
63,63,楊興治,富邦勇士,F,1,0,195,98,18,4.8,3.1,0.5,0.8,0.3,0.6,2.5,68,1242,0.3961,0.2,0.537,0.3883,2.1,5.3,0,0.2,0.4,0.8,2.1,5.5,324,214,33,56,23,42,169,4.7,0.381818182,0.4101162,0.120264582,0,1,0
64,64,劉韋辰,富邦勇士,F,1,0,190,85,13,4.5,1.2,0.5,0.7,0.7,0.1,1.3,112,1436,0.3116,0.3446,0.6829,0.3278,0.8,2.5,0.8,2.4,0.5,0.7,1.6,4.8,504,139,57,78,80,11,147,2.9,0.416666667,0.440485513,0.120523416,0,1,0
65,65,基斯,富邦勇士,G,0,0,194,105,28,17.9,7.7,3.9,3.8,0.8,1,2.1,9,253,0.472,0.1429,0.5962,0.4118,6.6,13.9,0.4,3.1,3.4,5.8,7,17,161,69,35,34,7,9,19,15.1,0.423529412,0.457753682,0.162726961,0,0,1
66,66,簡偉儒,桃園璞園建築,G,1,1,185,86,19,6.9,2.4,1.3,1.1,0.9,0,1.1,141,2701,0.4216,0.3127,0.7251,0.3599,1.2,2.9,1.2,3.8,0.9,1.2,2.4,6.7,969,338,187,149,131,5,151,5.8,0.447761194,0.477310459,0.132084534,0,0,1
67,67,吳家駿,桃園璞園建築,G,1,0,175,69,16,5.4,2.1,2.3,1.5,0.6,0,1.4,72,1183,0.4201,0.2239,0.7806,0.381,1.6,3.7,0.2,0.9,1.7,2.2,1.8,4.7,392,151,169,106,42,1,99,5.5,0.404255319,0.476358504,0.209263393,0,0,1
68,68,彭俊諺,桃園璞園建築,G,1,1,182,82,15,4.2,2.7,2.8,2.1,1.3,0.1,1.5,154,2362,0.4081,0.2482,0.6025,0.3401,1,2.4,0.4,1.8,1,1.6,1.4,4.2,653,418,424,322,197,10,238,5.6,0.380952381,0.42822186,0.299828669,0,0,1
69,69,陳堅恩,桃園璞園建築,G,1,0,178,78,19,8.7,2.4,2.4,1.5,0.8,0.1,2.1,127,2432,0.4491,0.4047,0.8101,0.4309,1.9,4.3,1.2,3,1.1,1.4,3.2,7.3,1104,304,300,194,106,12,262,8.5,0.520547945,0.54951996,0.159303314,0,0,1
70,70,林耀宗,桃園璞園建築,F,1,0,193,98,10,2.8,2.7,0.5,0.6,0.3,0.1,0.9,129,1306,0.4011,0.1111,0.5377,0.3942,1.1,2.9,0,0.1,0.4,0.8,1.2,2.9,356,345,62,78,40,16,121,3.7,0.413793103,0.430504305,0.15576324,0,1,0
71,71,陳世杰,桃園璞園建築,G,1,0,173,75,16,6.8,3.1,2.1,1.5,1.1,0.1,1.4,370,5871,0.4669,0.2766,0.7516,0.4271,2.2,4.8,0.4,1.3,1.3,1.7,2.6,6.1,2521,1131,763,558,392,33,503,7.8,0.459016393,0.496495327,0.179683757,0,0,1
72,72,林金榜,桃園璞園建築,F,1,1,191,97,21,7.1,3.1,1.2,1.3,1.1,0.2,2.3,306,6355,0.4285,0.2929,0.5796,0.4021,2.5,5.9,0.4,1.4,0.8,1.3,3,7.3,2169,959,369,391,343,59,689,6.6,0.438356164,0.450965447,0.141735717,0,1,0
73,73,李啟瑋,桃園璞園建築,F,1,1,192,87,15,5.5,1.7,0.7,1,0.5,0.3,1.5,122,1782,0.4089,0.2966,0.6242,0.3493,1,2.6,0.9,2.9,0.8,1.3,1.9,5.5,669,207,83,117,67,36,178,3.6,0.427272727,0.452898551,0.141402715,0,1,0
74,74,簡浩,桃園璞園建築,F,1,1,197,90,22,9.2,3.7,1.3,1.2,1,0.2,1.7,311,6869,0.4812,0.3457,0.7394,0.4164,2.1,4.5,1.4,4.1,0.7,0.9,3.5,8.5,2856,1139,419,376,309,77,543,9,0.494117647,0.517086331,0.118858954,0,1,0
75,75,呂奇旻,桃園璞園建築,F,1,1,188,89,17,6.8,2.4,1.7,1.9,0.8,0.1,1.7,104,1793,0.4653,0.3219,0.6582,0.3997,1.5,3.3,0.9,2.8,1,1.5,2.5,6.1,708,247,175,197,81,12,173,5.8,0.483606557,0.50295858,0.219399538,0,1,0
76,76,施晉堯,桃園璞園建築,F,1,0,188,90,18,6.2,2.2,1.3,1.4,0.8,0.2,2.1,164,3001,0.427,0.2886,0.6601,0.3606,1.4,3.3,0.9,3,0.8,1.2,2.3,6.3,1016,367,217,226,132,25,345,4.9,0.436507937,0.454012888,0.170150705,0,1,0
77,77,陳冠全,桃園璞園建築,C,1,1,197,118,20,6.5,4,0.7,1.2,0.5,0.5,2.1,147,2965,0.4208,0.3265,0.5506,0.4163,2.8,6.6,0.1,0.3,0.6,1.1,2.9,6.9,953,595,109,181,76,67,309,6.5,0.427536232,0.440140845,0.139794967,1,0,0
78,78,吳岱豪,桃園璞園建築,C,1,1,203,109,23,9,5.3,1.5,1.9,0.7,1.2,2.2,311,7254,0.5261,0.2519,0.6511,0.5103,3.7,7.1,0.1,0.4,1.3,1.9,3.8,7.5,2806,1647,451,581,223,383,677,11.5,0.513333333,0.539827255,0.185619383,1,0,0
79,79,麥克,桃園璞園建築,C,0,0,208,118,22,11.6,10.8,1.1,2.4,0.4,1,3.3,8,175,0.5738,0,0.575,0.5738,4.4,7.6,0,0,2.9,5,4.4,7.6,93,86,9,19,3,8,26,17.2,0.578947368,0.591836735,0.196721311,1,0,0
80,80,林力仁,裕隆納智捷,G,1,0,183,78,12,4.8,1,0.5,0.6,0.4,0.1,1.4,109,1310,0.3689,0.3523,0.622,0.36,0.8,2.2,0.9,2.6,0.5,0.8,1.7,4.8,528,114,53,66,44,9,155,2.8,0.447916667,0.465838509,0.104311544,0,0,1
81,81,周柏臣,裕隆納智捷,F,1,1,198,95,28,8.9,5.7,0.8,1.1,0.8,0.8,2.5,226,6252,0.4856,0.2383,0.6362,0.4418,3,6.1,0.3,1.3,2,3.2,3.3,7.5,2019,1288,187,253,178,183,556,10.5,0.46,0.499550965,0.10991207,0,1,0
82,82,崔國增,裕隆納智捷,G,1,0,185,78,12,2.5,1.9,1.1,1.1,0.5,0.1,1.4,81,935,0.3137,0.2734,0.7059,0.2913,0.4,1.3,0.4,1.6,0.4,0.6,0.8,2.8,205,156,93,88,43,6,114,2.8,0.357142857,0.407963446,0.264169068,0,0,1
83,83,潘冠翰,裕隆納智捷,F,1,0,196,88,10,2.6,2.1,0.3,0.5,0.2,0.2,1.5,154,1616,0.3459,0.3026,0.6569,0.3237,0.4,1.2,0.4,1.3,0.6,0.9,0.8,2.5,395,319,47,80,37,27,225,2.9,0.4,0.448895028,0.147232038,0,1,0
84,84,胡凱翔,裕隆納智捷,F,1,1,190,93,20,8.4,2.7,1.3,1.1,0.7,0.1,1.5,166,3354,0.4322,0.2991,0.797,0.3882,2.4,5.5,0.8,2.7,1.3,1.6,3.2,8.2,1402,440,215,179,120,12,255,6.8,0.43902439,0.471698113,0.109956018,0,1,0
85,85,呂政儒,裕隆納智捷,F,1,1,194,88,26,12.1,3.2,1.2,1.8,0.9,0.2,2.3,418,10676,0.4489,0.3589,0.7249,0.401,2.2,4.9,2,5.6,1.7,2.3,4.2,10.5,5068,1338,501,740,358,86,964,8.9,0.495238095,0.525538568,0.135216346,0,1,0
86,86,鄭鐵,裕隆納智捷,G,1,0,186,86,5,2.4,0.9,0.2,0.5,0.5,0.1,0.7,23,117,0.5161,0.6,0.7143,0.5366,0.7,1.3,0.3,0.4,0.2,0.3,1,1.8,55,21,4,11,11,2,15,2.7,0.638888889,0.621118012,0.205592105,0,0,1
87,87,周士淵,裕隆納智捷,G,1,1,190,80,22,11,2.7,1.4,1.2,1.4,0.1,1.6,393,8807,0.4957,0.3499,0.7345,0.4305,2.7,5.4,1.5,4.4,1.1,1.5,4.2,9.7,4332,1062,543,469,539,54,648,9.5,0.510309278,0.530888031,0.103806228,0,0,1
88,88,林韋翰,裕隆納智捷,G,1,0,177,67,23,5.7,2.9,4.3,2.3,1.4,0,2,189,4303,0.4416,0.2707,0.7153,0.3614,1.3,2.9,0.7,2.6,1.1,1.5,2,5.5,1083,545,805,436,259,6,376,8.1,0.427272727,0.462662338,0.271867612,0,0,1
89,89,盧捷閔,裕隆納智捷,G,1,0,183,82,4,1.1,0.3,0.4,0.1,0.2,0,0.3,25,100,0.4545,0.25,0.4,0.4,0.4,0.9,0.1,0.3,0.1,0.2,0.5,1.2,28,7,10,3,4,1,8,1.1,0.458333333,0.427018634,0.07204611,0,0,1
90,90,李德威,裕隆納智捷,C,1,1,200,105,11,3.2,3.2,0.5,1,0.3,0.6,1.8,184,2109,0.4205,0.2778,0.4914,0.4165,1.4,3.4,0,0.1,0.3,0.6,1.5,3.5,596,581,94,183,50,113,339,4.5,0.428571429,0.425079702,0.209907641,1,0,0
91,91,邱日誠,裕隆納智捷,G,1,0,175,78,6,0.8,0.8,0.7,0.3,0.2,0,1,21,116,0.2857,0.3,0.375,0.2941,0.1,0.3,0.1,0.5,0.1,0.4,0.2,0.8,16,16,14,7,5,0,22,1.3,0.3125,0.409836066,0.235109718,0,0,1
92,92,盧冠良,裕隆納智捷,F,1,0,185,90,15,4.4,1.7,0.7,0.7,0.5,0.1,1.2,115,1699,0.4056,0.2822,0.74,0.3528,1.1,2.8,0.6,2.1,0.3,0.4,1.7,4.9,503,192,78,86,60,7,135,3.4,0.408163265,0.433412136,0.121191136,0,1,0
93,93,郭昭男,裕隆納智捷,F,1,0,192,86,12,3.7,1.9,0.4,0.6,0.5,0.2,1.8,54,630,0.4398,0.1538,0.5854,0.419,1.4,3.1,0,0.2,0.9,1.5,1.4,3.3,200,101,21,32,25,11,95,3.6,0.424242424,0.467171717,0.131578947,0,1,0
94,94,桑尼,裕隆納智捷,C,0,0,200,114,32,23.6,13.6,2.5,2.9,1.5,0.8,2,22,700,0.5296,0.2692,0.7976,0.4764,7.3,13.8,1,3.5,6.1,7.6,8.3,17.4,519,300,55,63,33,17,43,28.5,0.505747126,0.568839182,0.122652681,1,0,0
95,95,泰瑞,裕隆納智捷,F,0,0,191,88,24,12.8,5.4,2.1,1.8,1.3,0.7,1.6,9,220,0.5286,0.1591,0.6897,0.386,4.1,7.8,0.8,4.9,2.2,3.2,4.9,12.7,115,49,19,16,12,6,14,11.7,0.417322835,0.453643323,0.113150616,0,1,0
96,96,陳靖寰,金門酒廠,F,1,1,190,84,27,10.3,4.5,1.7,1.8,1,0.5,2.5,295,7929,0.4807,0.3209,0.7223,0.4279,2.7,5.5,0.9,2.7,2.3,3.2,3.5,8.3,3028,1333,494,523,303,138,752,10.5,0.475903614,0.530490317,0.15641293,0,1,0
97,97,張容軒,金門酒廠,F,1,1,194,90,22,9.6,2.9,1,1.2,0.5,0.1,1.4,326,7093,0.4949,0.3107,0.6538,0.4761,3.7,7.5,0.3,0.9,1.3,2,4,8.4,3116,952,342,376,170,27,469,7.8,0.494047619,0.517241379,0.114503817,0,1,0
98,98,李俊緯,金門酒廠,C,1,0,198,98,16,4.6,3.5,0.4,0.6,0.3,0.3,1.6,214,3515,0.4402,0.2951,0.7092,0.3717,1.1,2.5,0.6,2.2,0.5,0.7,1.7,4.7,981,748,95,139,74,74,350,5.3,0.425531915,0.459265176,0.106990014,1,0,0
99,99,吳敏賢,金門酒廠,G,1,0,180,75,13,3.6,1.3,1.2,0.7,0.6,0,1.7,156,2088,0.4043,0.2865,0.7619,0.3641,1,2.4,0.4,1.2,0.6,0.8,1.3,3.6,561,202,187,114,100,2,260,3.5,0.416666667,0.455465587,0.150472915,0,0,1
100,100,陳文宏,金門酒廠,F,1,0,186,96,12,2.1,1.2,0.6,0.6,0.3,0.1,1.6,79,924,0.4359,0.2162,0.675,0.3069,0.4,1,0.3,1.4,0.3,0.5,0.7,2.4,167,93,49,50,24,8,128,1.8,0.354166667,0.400763359,0.186335404,0,1,0
101,101,邱金龍,金門酒廠,F,1,0,186,89,11,3.8,1.7,0.6,0.5,0.4,0.1,1,61,698,0.4138,0.2818,0.76,0.3569,1,2.4,0.5,1.8,0.3,0.4,1.5,4.2,232,102,37,33,27,6,64,3.3,0.416666667,0.434186472,0.102543068,0,1,0
102,102,王泰傑,金門酒廠,G,1,0,180,92,14,4.6,1.8,1.5,0.9,0.6,0.1,2.1,86,1165,0.4273,0.3228,0.7156,0.3898,1.1,2.6,0.5,1.5,0.9,1.3,1.6,4.1,395,158,128,76,51,8,184,4.8,0.451219512,0.492294521,0.161521895,0,0,1
103,103,林柏偉,金門酒廠,F,1,0,186,80,4,1.3,0.5,0.2,0.3,0.1,0,0.1,21,81,0.5455,0.3077,0.4286,0.4167,0.3,0.5,0.2,0.6,0.1,0.3,0.5,1.1,27,11,5,6,2,0,3,1,0.545454545,0.527597403,0.195822454,0,1,0
104,104,蘇奕晉,金門酒廠,C,1,1,195,104,24,8.2,5.3,2.2,2,0.8,0.4,2.6,81,1924,0.4685,0.2432,0.671,0.4548,3.3,7.1,0.1,0.5,1.3,1.9,3.4,7.5,667,426,176,162,68,33,208,10.2,0.46,0.49184261,0.193498452,1,0,0
105,105,勤明慶,金門酒廠,C,1,0,195,104,7,0.9,2,0.3,0.2,0.1,0.2,1.1,13,88,0.375,1,0.75,0.4444,0.2,0.6,0.1,0.1,0.2,0.3,0.3,0.7,12,26,4,3,1,3,14,2.8,0.5,0.540865385,0.19379845,1,0,0
106,106,李家瑞,金門酒廠,C,1,0,200,90,9,3,1.6,0.4,0.5,0.3,0.3,1.2,70,648,0.4851,0.2459,0.6154,0.4103,0.9,1.9,0.2,0.9,0.5,0.7,1.1,2.8,207,115,27,37,19,21,85,3.2,0.428571429,0.482625483,0.138580931,1,0,0
107,107,盧冠軒,金門酒廠,G,1,0,182,80,12,3.6,1.5,1.1,1,0.7,0,0.9,35,419,0.625,0.2766,0.5294,0.3651,0.6,0.9,0.7,2.7,0.3,0.5,1.3,3.6,127,53,38,34,23,1,32,3.4,0.458333333,0.471204188,0.20746888,0,0,1
108,108,吳怡斌,金門酒廠,C,1,0,200,85,10,4,2,0.3,0.5,0.2,0.4,1.3,76,752,0.608,0.3043,0.619,0.5224,1.4,2.3,0.3,0.9,0.3,0.6,1.7,3.2,303,153,21,39,15,28,99,4.6,0.578125,0.577367206,0.126135217,1,0,0
109,109,柯旻豪,金門酒廠,G,1,0,180,72,14,4.5,1.7,1.7,1,0.7,0,1.3,103,1441,0.4508,0.1579,0.6103,0.4026,1.7,3.7,0.1,0.7,0.8,1.3,1.8,4.5,467,179,172,107,69,0,139,4.4,0.411111111,0.443611987,0.164690382,0,0,1
110,110,余純安,金門酒廠,F,1,0,190,81,13,4.1,1.6,0.8,1,0.5,0.2,1.8,121,1574,0.374,0.2833,0.5858,0.33,0.8,2.1,0.6,2,0.8,1.4,1.3,4.1,493,193,92,116,63,26,215,2.8,0.390243902,0.434690416,0.174947516,0,1,0
111,111,于煥亞,金門酒廠,G,1,1,183,78,26,8.9,2.4,3.4,1.6,1.1,0.1,1.5,99,2561,0.463,0.3655,0.8421,0.4132,1.8,3.8,1.5,4,1,1.2,3.2,7.8,878,236,341,156,107,6,152,9.5,0.506410256,0.534341979,0.161160355,0,0,1
112,112,周暐宸,金門酒廠,F,1,0,188,87,7,2,1.2,0.4,0.6,0.4,0,0.4,13,86,0.5,0,0,0.3824,1,2,0,0.6,0,0.1,1,2.6,26,16,5,8,5,0,5,1.7,0.384615385,0.378214826,0.184956843,0,1,0
113,113,林冠綸,臺北達欣工程,G,1,1,187,84,20,9.1,2.2,2.1,1.7,0.7,0.1,1.9,370,7506,0.4533,0.3305,0.7261,0.3944,1.9,4.2,1.3,3.9,1.5,2.1,3.2,8.1,3381,798,772,644,255,21,719,7,0.475308642,0.504210993,0.158522939,0,0,1
114,114,林宜輝,臺北達欣工程,F,1,1,191,95,25,10.2,3.7,1.9,2,1,0.3,2.7,351,8846,0.4715,0.3099,0.6135,0.4101,2.7,5.8,1.1,3.5,1.4,2.4,3.8,9.3,3566,1301,657,690,336,109,942,8.6,0.467741935,0.492468134,0.161864681,0,1,0
115,115,蘇翊傑,臺北達欣工程,G,1,1,182,83,28,9.8,3.3,4.3,2.4,1.4,0.1,2.2,306,8559,0.4523,0.2838,0.7324,0.4197,3.1,7,0.5,1.7,2,2.8,3.6,8.6,2985,1025,1302,728,422,30,659,10.7,0.447674419,0.498372661,0.196206671,0,0,1
116,116,羅鈺群,臺北達欣工程,G,1,0,185,88,15,4.3,2.3,1,0.7,0.9,0.1,1.5,319,4682,0.4806,0.2866,0.7405,0.3675,0.9,1.8,0.7,2.5,0.4,0.6,1.6,4.3,1362,736,307,227,276,26,487,5,0.453488372,0.471078002,0.132978723,0,0,1
117,117,張家榮,臺北達欣工程,F,1,0,192,80,17,5.9,2.6,0.8,0.9,0.7,0.2,1.1,171,2852,0.5087,0.2522,0.6508,0.4131,1.7,3.4,0.5,2,1,1.5,2.2,5.4,1006,443,133,157,125,33,195,5.6,0.453703704,0.48679868,0.129310345,0,1,0
118,118,蔡峻銘,臺北達欣工程,C,1,0,198,110,10,2.4,2.9,0.3,0.5,0.2,0.3,1.2,243,2323,0.4491,0,0.5351,0.4465,1,2.2,0,0,0.4,0.8,1,2.2,575,695,71,122,53,62,295,4,0.454545455,0.470219436,0.163826999,1,0,0
119,119,黃鎮,臺北達欣工程,F,1,1,190,95,16,5.5,3.2,0.9,0.8,1,0.2,1.4,129,2080,0.4488,0.3241,0.7083,0.3782,1.1,2.3,1,3.1,0.4,0.6,2,5.4,707,419,122,103,124,23,186,6.4,0.462962963,0.485522599,0.123762376,0,1,0
120,120,呂濟而,臺北達欣工程,G,1,0,186,75,15,4.9,1.2,0.9,1,0.5,0.1,1.5,120,1772,0.474,0.3553,0.5935,0.4378,1.4,2.9,0.5,1.3,0.8,1.3,1.8,4.2,582,146,113,118,58,6,184,3.7,0.488095238,0.513411567,0.173250173,0,0,1
121,121,施顏宗,臺北達欣工程,F,1,0,192,86,16,5.2,3.7,0.8,0.8,0.5,0.3,1.2,77,1230,0.4558,0.2766,0.7215,0.4124,1.7,3.8,0.3,1.2,0.7,1,2.1,5,403,285,63,64,38,23,96,6.5,0.45,0.477941176,0.128205128,0,1,0
122,122,翁嘉鴻,臺北達欣工程,F,1,0,195,90,11,2.3,3.3,0.6,0.7,0.3,0.4,1.4,52,573,0.4211,0.24,0.7097,0.3833,0.8,1.8,0.1,0.5,0.4,0.6,0.9,2.3,120,171,31,38,17,19,72,4.6,0.413043478,0.448517941,0.214460784,0,1,0
123,123,宋宇軒,臺北達欣工程,G,1,0,184,84,16,7,2,0.6,1,0.4,0.1,1,171,2722,0.4833,0.2785,0.6142,0.4535,2.6,5.4,0.3,0.9,1,1.6,2.9,6.3,1192,349,97,164,76,16,172,5.1,0.484126984,0.499714449,0.124937531,0,0,1
124,124,溫立煌,臺北達欣工程,C,1,0,200,93,8,2.5,1.7,0.2,0.3,0.1,0.7,1.8,54,410,0.5268,0.1667,0.5926,0.5085,1.1,2.1,0,0.1,0.3,0.5,1.1,2.2,137,91,12,15,7,36,96,3.6,0.5,0.516528926,0.110294118,1,0,0
125,125,潘祥偉,臺北達欣工程,F,1,0,188,80,6,1.5,0.5,0.3,0.5,0.4,0,0.9,8,45,0.25,0.4,0.4,0.3077,0.3,1,0.3,0.6,0.3,0.6,0.5,1.6,12,4,2,4,3,0,7,0.8,0.40625,0.402360515,0.211505922,0,1,0
126,126,張皓鈞,臺北達欣工程,F,1,0,164,50,5,1.6,0.4,0.2,0.4,0.1,0.1,0.5,17,86,0.75,0.5833,0.5,0.625,0.2,0.2,0.4,0.7,0.1,0.1,0.6,0.9,28,7,4,7,1,1,8,1.7,0.888888889,0.847457627,0.297619048,0,1,0
127,127,鐘嘉衡,臺北達欣工程,G,1,0,175,77,7,1.3,0.3,0.6,0.6,0.3,0.1,0.6,8,55,0.25,0.25,1,0.25,0.3,1,0.1,0.5,0.4,0.4,0.4,1.5,10,2,5,5,2,1,5,0.9,0.3,0.387828162,0.263620387,0,0,1
128,128,梅奧,臺北達欣工程,G,0,0,193,98,28,22.6,7.3,4.3,3,1.6,0.2,2.1,33,938,0.473,0.3677,0.8142,0.4334,5.3,11.2,2.5,6.8,4.5,5.5,7.8,18,745,242,143,98,52,6,70,21.8,0.502777778,0.55337904,0.128095645,0,0,1
129,129,麥克連,臺北達欣工程,C,0,0,211,112,30,17.8,13.6,0.6,1.7,0.3,2.6,1.9,36,1077,0.6059,0,0.593,0.6031,7.5,12.3,0,0.1,2.8,4.8,7.5,12.4,640,491,23,61,11,93,68,26.3,0.60483871,0.613285557,0.104860597,1,0,0
130,130,賀夫,台灣啤酒,F,0,0,203,100,33,20.4,10,2.9,2.8,1.4,3,3,53,1754,0.4906,0.3295,0.7191,0.4582,6.4,13,1.1,3.3,4.4,6.1,7.5,16.3,1080,528,153,149,76,161,159,24.4,0.493865031,0.537294564,0.128534704,0,1,0
131,131,奈維爾,裕隆納智捷,C,0,0,218,120,33,17.8,12.1,1.8,1.7,0.6,1.4,2.4,104,3471,0.532,0.3522,0.7418,0.4936,6,11.3,1.1,3.1,2.6,3.5,7.1,14.3,1852,1257,183,180,65,148,247,23.9,0.534965035,0.561868687,0.096921323,1,0,0
132,132,拉莫斯,金門酒廠,C,0,0,221,125,39,25.6,16.5,3,5.2,0.4,1.7,2.4,29,1133,0.57,0.3506,0.6081,0.5407,9.8,17.2,0.9,2.7,3.1,5.1,10.8,19.9,741,479,88,152,13,49,69,30.9,0.565326633,0.578034682,0.19016969,1,0,0
133,133,李恩,台灣啤酒,C,0,0,215,125,33,16.3,13.9,1.1,2.8,0.8,0.8,2.8,88,2879,0.5366,0,0.5821,0.5361,6.6,12.3,0,0,3.1,5.3,6.6,12.3,1431,1225,99,244,72,71,243,22.2,0.536585366,0.55699836,0.16062414,1,0,0
134,134,陳世念,裕隆納智捷,G,1,1,180,85,25,7.8,3,3.8,2.5,1.3,0.2,2.2,343,8678,0.4561,0.334,0.7585,0.4008,1.7,3.7,1,3.1,1.4,1.8,2.7,6.7,2675,1045,1299,846,436,56,754,9.2,0.47761194,0.520555259,0.25020016,0,0,1
135,135,吳宥達,臺北達欣工程,G,1,0,171,70,2,0.3,0.3,0.2,0,0,0,0,6,10,0.25,0,0,0.2,0.2,0.7,0,0.2,0,0,0.2,0.8,2,2,1,0,0,0,0,0.2,0.25,0.1875,0,0,0,1
136,136,岳瀛立,臺北達欣工程,F,1,0,196,90,15,4.9,2.3,0.8,0.8,0.7,0.6,2.3,370,5538,0.4529,0.3211,0.7045,0.3864,1.1,2.3,0.8,2.4,0.5,0.7,1.8,4.7,1795,849,288,312,246,219,858,5.4,0.468085106,0.489217252,0.137741047,0,1,0
137,137,張智峰,臺北達欣工程,G,1,0,183,93,27,11.8,3.8,2.4,1.9,1.3,0.1,2.1,305,8134,0.4874,0.349,0.7758,0.4338,2.9,6,1.3,3.8,2,2.6,4.2,9.8,3602,1168,745,576,406,44,647,11.3,0.494897959,0.539108187,0.147928994,0,0,1
138,138,布拉,臺北達欣工程,C,0,0,226,160,36,20.7,15.9,1.5,2.6,0.3,2.4,1.5,58,2083,0.6796,0,0.5544,0.6749,8.4,12.4,0,0.1,3.8,6.8,8.4,12.5,1199,924,87,149,19,140,87,31.1,0.672,0.668086754,0.143709927,1,0,0
139,139,戴維斯,桃園璞園建築,C,1,1,203,100,32,17.1,12.6,1.6,2.1,1.2,2.3,2.1,157,5075,0.6052,0.2941,0.685,0.5996,7.1,11.7,0.1,0.2,2.7,3.9,7.2,12,2686,1986,249,330,194,364,332,26.7,0.604166667,0.62335958,0.132776935,1,0,0
140,140,張文平,金門酒廠,F,1,0,196,87,19,7.3,2.6,1,1.2,0.8,0.3,2.2,24,466,0.4333,0.3303,0.6364,0.3669,1.1,2.5,1.5,4.5,0.6,0.9,2.6,7,174,63,24,28,20,6,53,6.1,0.478571429,0.493510005,0.139599814,0,1,0
141,141,蔡勝耀,臺灣銀行,G,1,0,185,82,4,1.1,0.8,0.1,0.4,0,0,1.1,8,29,0.4,0,1,0.4,0.5,1.3,0,0,0.1,0.1,0.5,1.3,9,6,1,3,0,0,9,0.8,0.384615385,0.40922619,0.229357798,0,0,1
142,142,簡肇熠,富邦勇士,G,1,0,180,82,6,1.6,0.6,0.4,0.8,0.3,0,0.8,25,156,0.2308,0.25,0.7273,0.2407,0.2,1,0.3,1.1,0.3,0.4,0.5,2.2,41,16,10,20,8,1,21,0.3,0.295454545,0.336700337,0.251889169,0,0,1
143,143,陳孝榮,富邦勇士,F,1,1,197,90,12,3.4,3.4,0.5,0.7,0.7,0.3,1.8,97,1198,0.5201,0,0.5172,0.5201,1.5,2.8,0,0,0.5,0.9,1.5,2.8,329,329,51,71,64,32,173,5.9,0.535714286,0.531914894,0.179671458,0,1,0
144,144,包提傑,富邦勇士,F,1,0,205,100,9,2.3,2.8,0.3,0.6,0.4,0.3,1.2,46,399,0.4144,0,0.4,0.3966,1,2.4,0,0.1,0.3,0.8,1,2.5,106,128,13,27,18,12,54,3.5,0.4,0.403225806,0.173812283,0,1,0
145,145,吳奉晟,台灣啤酒,F,1,0,195,84,13,4.8,1.9,0.4,0.7,0.4,0.1,1.8,203,2633,0.4661,0.2557,0.6574,0.4256,1.7,3.6,0.2,0.9,0.7,1.1,1.9,4.5,965,395,72,135,73,24,358,3.9,0.444444444,0.481540931,0.123152709,0,1,0
146,146,歐布萊恩,富邦勇士,C,0,0,213,121,37,18.5,13.5,2.4,3.4,1.1,2,2.2,97,3575,0.4415,0.3041,0.6953,0.4077,5.7,13,1.3,4.2,3.2,4.6,7,17.2,1793,1312,231,330,109,190,213,22.5,0.444767442,0.481169372,0.150282885,1,0,0
147,147,巴隆,富邦勇士,C,0,0,213,113,35,27.4,14.6,1.3,2.1,0.8,0.7,2.2,27,956,0.4837,0.354,0.7283,0.45,8.2,17,2.1,6,4.7,6.4,10.3,23,741,393,35,57,22,20,60,28.3,0.493478261,0.530678649,0.075225677,1,0,0
148,148,洪康喬,金門酒廠,F,1,0,190,95,8,2,1,0,0.5,0,0.3,0.7,6,48,0.2727,0.1538,0,0.2083,0.5,1.8,0.3,2.2,0,0,0.8,4,12,6,0,3,0,2,4,-0.4,0.2375,0.25,0.111111111,0,1,0
149,149,李家慶,金門酒廠,F,1,0,194,104,6,2.1,0.8,0.3,0.4,0.1,0.2,1.4,23,143,0.4444,0,0.7727,0.4444,0.7,1.6,0,0,0.7,1,0.7,1.6,49,19,8,10,3,4,32,1.9,0.4375,0.514705882,0.163934426,0,1,0
150,150,鄧安誠,金門酒廠,F,1,0,189,107,15,4.1,2.9,0.6,0.7,0.8,0.2,1.9,285,4408,0.4687,0.2737,0.6109,0.4367,1.5,3.2,0.2,0.6,0.6,1,1.7,3.8,1169,833,166,195,219,68,543,5.4,0.473684211,0.483490566,0.141700405,0,1,0
151,151,鄭騏寬,金門酒廠,F,1,0,188,89,13,4.5,1.5,0.4,0.6,0.2,0.1,1,42,559,0.4,0.3023,0.7333,0.3571,1,2.6,0.6,2,0.5,0.7,1.7,4.7,188,62,15,25,9,5,41,2.9,0.425531915,0.44928115,0.106990014,0,1,0
152,152,倪學謙,金門酒廠,G,1,0,170,75,10,1.8,1.1,0.6,1.1,0.4,0,1.8,20,192,0.3125,0.2162,0.5,0.2453,0.3,0.8,0.4,1.9,0.1,0.2,0.7,2.7,36,22,11,21,7,0,36,0.7,0.333333333,0.322812052,0.282921811,0,0,1
153,153,菲爾普斯,金門酒廠,F,0,0,200,105,39,29.3,16.3,2.3,3.7,1.2,1.2,2.3,28,1080,0.5025,0.2,0.6358,0.4881,10.8,21.5,0.2,1.1,7.1,11.2,11,22.5,821,457,64,104,33,34,64,31,0.493333333,0.534125711,0.118864045,0,1,0
154,154,吳建龍,金門酒廠,F,1,0,195,105,17,4.3,3.6,0.9,0.8,0.5,0.4,1.1,237,4000,0.4404,0.2971,0.5847,0.3724,1.1,2.4,0.6,2.2,0.3,0.5,1.7,4.6,1030,846,220,179,113,98,270,5.8,0.434782609,0.446058091,0.142348754,0,1,0
155,155,葛記豪,裕隆納智捷,G,1,1,181,85,19,6.1,2.4,2.3,1.5,1.3,0.1,2,199,3761,0.4268,0.3481,0.6915,0.3924,1.4,3.2,0.9,2.5,0.7,1,2.2,5.7,1206,472,448,295,263,14,389,6.9,0.464912281,0.496742671,0.196335079,0,0,1
156,156,陳則語,裕隆納智捷,G,1,0,184,78,10,2.4,0.8,1.1,1,0.3,0,1.4,57,545,0.3169,0.1628,0.5952,0.2811,0.8,2.5,0.1,0.8,0.4,0.7,0.9,3.2,136,48,60,58,19,0,77,1,0.296875,0.342075257,0.221827862,0,0,1
157,157,陳國維,臺灣銀行,F,1,0,190,100,13,4.3,2.4,0.6,0.7,0.3,0.1,1.6,196,2575,0.4107,0.2754,0.6016,0.3623,1.3,3.1,0.5,1.7,0.4,0.7,1.7,4.8,845,480,122,135,66,16,318,3.6,0.40625,0.420908379,0.120523416,0,1,0
158,158,尚韋帆,台灣啤酒,F,1,0,195,93,18,6.6,3.5,1,1.4,0.6,0.3,1.7,319,5856,0.478,0.2484,0.7174,0.4028,1.9,4.1,0.5,2,1.3,1.8,2.4,6,2112,1102,331,439,178,87,527,6.5,0.441666667,0.485865724,0.170898438,0,1,0
159,159,左從凱,台灣啤酒,F,1,0,186,83,18,8,1.6,0.8,1,0.7,0.1,1.3,222,4028,0.4408,0.3474,0.7057,0.4058,2,4.5,0.9,2.7,1.3,1.8,2.9,7.1,1773,345,183,220,162,20,282,5.5,0.471830986,0.506842372,0.112460639,0,1,0
160,160,陳子威,桃園璞園建築,C,1,0,200,103,16,7,2.5,0.5,0.9,0.4,0.2,1.6,370,5815,0.4438,0.3447,0.7649,0.3876,1.2,2.7,1.2,3.5,1.1,1.4,2.4,6.2,2608,928,184,326,138,87,586,5.6,0.483870968,0.513497653,0.116640747,1,0,0
161,161,陳京華,富邦勇士,G,1,0,190,85,9,2.2,1.5,0.2,0.8,0.3,0,1,29,269,0.3333,0.3704,0.3333,0.3472,0.5,1.6,0.3,0.9,0.1,0.3,0.9,2.5,63,43,6,22,10,1,29,1.6,0.42,0.417933131,0.233100233,0,0,1
162,162,魏維,富邦勇士,G,1,0,185,75,11,3.5,1.6,0.7,0.7,0.5,0,1.4,115,1221,0.4969,0.3385,0.6486,0.4096,0.7,1.4,0.6,1.7,0.4,0.6,1.3,3.1,404,181,76,83,55,3,156,3.6,0.516129032,0.520214031,0.172244094,0,0,1
163,163,柳昇耀,富邦勇士,F,1,0,190,86,19,7.6,2.1,0.9,1.1,0.6,0.1,1.5,311,5984,0.4696,0.3617,0.7668,0.4207,1.7,3.6,1.1,3,0.9,1.2,2.8,6.7,2372,652,282,344,190,18,470,6,0.5,0.52573326,0.132084534,0,1,0
164,164,賴柏霖,富邦勇士,G,1,0,179,83,11,2.3,1.3,0.9,0.6,0.4,0,1.1,121,1289,0.4286,0.2986,0.7937,0.3574,0.4,1,0.4,1.2,0.4,0.5,0.8,2.2,281,158,105,76,50,2,128,2.8,0.454545455,0.475206612,0.198675497,0,0,1
165,165,吳永仁,富邦勇士,G,1,1,176,74,25,8.2,3.3,3.2,1.9,1.1,0.1,2.3,376,9439,0.4885,0.3879,0.7438,0.4403,1.7,3.5,1.2,3.2,1.1,1.5,2.9,6.7,3097,1228,1213,731,411,51,858,9.8,0.52238806,0.557065217,0.205183585,0,0,1
166,166,周儀翔,臺北達欣工程,G,1,1,190,90,32,15.4,4.8,2.9,2.5,1.2,0.2,1.7,89,2805,0.4303,0.3065,0.7032,0.3909,4,9.3,1.3,4.3,3.5,4.9,5.3,13.6,1372,430,257,223,110,17,154,12.3,0.4375,0.488702716,0.13694128,0,0,1
167,167,劉元凱,臺北達欣工程,C,1,0,205,105,4,1.1,0.9,0,0.4,0.1,0,1.1,38,171,0.3409,0,0.7333,0.3409,0.4,1.2,0,0,0.3,0.4,0.4,1.2,41,36,1,17,5,0,42,0.8,0.333333333,0.399709302,0.225225225,1,0,0
168,168,萬代奇,臺灣銀行,G,1,0,183,83,12,2.5,1.5,1.2,0.8,0.8,0,2.1,11,130,0.3125,0.5,0.75,0.375,0.5,1.5,0.4,0.7,0.5,0.7,0.8,2.2,28,16,13,9,9,0,23,3.6,0.454545455,0.498405104,0.241837969,0,0,1
169,169,林界廷,臺灣銀行,G,1,0,192,85,2,0.4,0.5,0.1,0.3,0,0,0.8,10,22,0.4,0,0,0.4,0.2,0.5,0,0,0,0,0.2,0.5,4,5,1,3,0,0,8,0.4,0.4,0.4,0.375,0,0,1
170,170,王志群,臺北達欣工程,G,1,0,180,85,24,8.6,2.8,2.7,1.8,1.4,0,1.8,208,5002,0.5097,0.3361,0.7598,0.4004,1.4,2.7,1.6,4.6,1.2,1.6,2.9,7.3,1798,576,556,376,281,6,368,8.9,0.506849315,0.537231384,0.183598531,0,0,1
171,171,陳山眉,富邦勇士,G,1,0,193,86,12,3.3,2.8,1.7,1.2,0.7,0.2,0.9,30,372,0.4592,0,0.3,0.4018,1.5,3.3,0,0.5,0.3,1,1.5,3.7,99,83,50,36,22,5,28,4.6,0.405405405,0.398550725,0.224719101,0,0,1
172,172,鍾秀鼐,富邦勇士,F,1,0,196,95,6,1.4,0.8,0.2,0.6,0.3,0.2,0.6,39,238,0.3404,0.1111,0.5,0.2568,0.4,1.2,0.1,0.7,0.3,0.7,0.5,1.9,54,33,7,22,11,7,24,0.5,0.289473684,0.317028986,0.213675214,0,1,0
173,173,林宗慶,富邦勇士,F,1,0,188,92,13,4.7,1.6,0.8,0.8,0.4,0,1.2,269,3474,0.439,0.2566,0.5782,0.3904,1.5,3.5,0.3,1.3,0.7,1.3,1.8,4.7,1277,425,222,205,102,3,336,3.2,0.414893617,0.445751138,0.131752306,0,1,0
174,174,蔡政憲,富邦勇士,C,1,0,197,97,5,1.3,1.3,0,0.6,0.1,0.1,1,24,118,0.48,0,0.6667,0.48,0.5,1,0,0,0.3,0.5,0.5,1,32,32,1,15,3,3,24,1.5,0.5,0.532786885,0.32967033,1,0,0
175,175,劉育辰,金門酒廠,F,1,0,190,91,10,2.3,1.5,0.2,0.3,0.5,0.1,1.2,30,289,0.5185,0.4,0.3333,0.5,0.9,1.8,0.1,0.3,0.1,0.2,1.1,2.1,70,46,7,9,15,4,35,3.2,0.547619048,0.52559415,0.120578778,0,1,0
176,176,楊哲宜,金門酒廠,F,1,1,193,85,26,10.4,3.2,1.8,1.6,0.9,0.1,1.9,329,8411,0.4993,0.3043,0.6134,0.4308,3.1,6.1,1,3.3,1.3,2.1,4.1,9.4,3438,1054,597,514,291,19,633,8.7,0.489361702,0.503680744,0.13418316,0,1,0
177,177,巴羅,金門酒廠,C,0,0,208,115,37,24.4,14.5,0.9,2.5,1.2,1.6,1.4,29,1070,0.5219,0.2326,0.6525,0.4991,9,17.3,0.3,1.5,5.3,8.1,9.4,18.8,708,421,27,73,35,47,41,27.9,0.507978723,0.545519585,0.100546976,1,0,0
178,178,許皓程,金門酒廠,G,1,0,176,75,23,5.3,3.1,2.9,1.5,1.1,0,1.7,320,7344,0.445,0.2723,0.7226,0.3791,1.3,3,0.5,1.9,1.1,1.6,1.8,4.9,1706,1000,915,466,341,7,551,7.3,0.418367347,0.472876517,0.211148649,0,0,1
179,179,邱繼緯,金門酒廠,G,1,0,176,76,4,0.6,0.5,0.3,0.4,0.2,0,0.3,36,150,0.1429,0.2941,0.1667,0.2258,0.1,0.4,0.1,0.5,0,0.2,0.2,0.9,20,17,9,16,7,0,12,0.3,0.277777778,0.303643725,0.288184438,0,0,1
180,180,陶斯,璞園建築,C,0,0,208,120,32,19.2,15.2,1.5,2.8,1.2,2.3,1.7,60,1898,0.5371,0.25,0.6711,0.5333,7.8,14.6,0.1,0.2,3.4,5.1,7.9,14.8,1153,913,92,168,72,140,103,28,0.537162162,0.563248064,0.141100585,1,0,0
181,181,劉錚,台灣啤酒,G,1,1,192,80,30,14.1,5.8,2,2.6,2.4,0.6,2.1,134,4010,0.4628,0.2786,0.7175,0.4003,3.9,8.5,1.2,4.4,2.6,3.6,5.2,12.9,1893,781,274,349,321,78,277,13.6,0.449612403,0.486743993,0.152189183,0,0,1
182,182,王建惟,台灣啤酒,F,1,0,191,92,9,2.8,1.8,0.4,0.6,0.3,0.1,1.9,251,2255,0.5152,0.375,0.4752,0.494,1,2,0.1,0.4,0.4,0.8,1.1,2.3,703,459,91,148,87,35,469,3.2,0.5,0.527903469,0.184501845,0,1,0
183,183,鄭人維,台灣啤酒,F,1,1,194,95,24,10.2,5,1.4,1.9,1,0.8,2.6,260,6254,0.4225,0.3268,0.6789,0.3887,2.6,6.1,1.1,3.3,1.8,2.6,3.7,9.4,2645,1302,376,492,267,200,683,10,0.45212766,0.483687405,0.152684024,0,1,0
184,184,謝鎮陽,台灣啤酒,F,1,0,192,95,1,0.3,0.3,0,0,0,0,0.2,12,15,0.6667,0,0,0.4,0.2,0.3,0,0.2,0,0.2,0.2,0.4,4,4,0,0,0,0,2,0.2,0.5,0.307377049,0,0,1,0
185,185,陳志忠,裕隆納智捷,G,1,0,188,75,27,9.7,3.5,3.5,1.8,1.2,0.1,2.2,286,7832,0.484,0.3648,0.7106,0.4329,2.2,4.6,1.3,3.4,1.5,2,3.5,8,2762,997,1003,517,357,38,635,11.2,0.51875,0.546171171,0.168539326,0,0,1
186,186,林傑閔,裕隆納智捷,G,1,0,182,83,9,3.1,1.3,0.8,1.1,0.4,0,1,96,860,0.4126,0.2857,0.6593,0.3759,0.9,2.1,0.3,0.9,0.6,0.9,1.1,3,302,121,78,101,39,4,96,2.3,0.416666667,0.456419317,0.244661922,0,0,1
187,187,劉丁維,裕隆納智捷,G,1,0,183,82,2,0.1,0.3,0,0.3,0.1,0.1,0.2,11,22,0,0,0.5,0,0,0.4,0,0.1,0.1,0.2,0,0.5,1,3,0,3,1,1,2,-0.3,0,0.085034014,0.337837838,0,0,1
188,188,泰勒,裕隆納智捷,C,0,0,218,143,34,16.3,16.6,1.6,3.1,0.8,2.7,2.6,38,1293,0.5068,0,0.4008,0.5049,6.8,13.5,0,0.1,2.7,6.6,6.8,13.6,621,629,62,119,31,104,97,24.2,0.5,0.49381968,0.158130994,1,0,0
189,189,許致強,臺灣銀行,F,1,0,196,96,22,10.5,5.2,0.9,1.7,0.7,0.5,2.4,222,4824,0.4601,0.3281,0.6442,0.4518,4,8.6,0.2,0.6,1.9,3,4.2,9.2,2321,1155,195,386,151,112,534,10,0.467391304,0.49904943,0.139116203,0,1,0
190,190,鄭皓璿,臺灣銀行,G,1,0,183,78,16,4.4,2.1,1.3,1.6,1.1,0.1,1.1,50,779,0.381,0.2737,0.8667,0.3422,1.3,3.4,0.5,1.9,0.3,0.3,1.8,5.3,219,104,66,82,55,4,56,3.9,0.386792453,0.405007364,0.227531286,0,0,1
191,191,佩爾,臺北達欣工程,C,0,0,210,105,32,15.3,14.2,0.7,3.5,0.7,3,3,30,971,0.4933,0,0.6953,0.4933,6.2,12.5,0,0,3,4.3,6.2,12.5,459,427,21,106,21,91,91,22.8,0.496,0.531545303,0.195618153,1,0,0
192,192,陳耀庭,臺北達欣工程,F,1,0,196,102,9,2.9,1.7,0.4,0.8,0.2,0.2,1.1,95,890,0.3862,0,0.549,0.3836,1.2,3.1,0,0,0.6,1.1,1.2,3.1,280,164,41,74,22,15,104,2.2,0.387096774,0.404575893,0.182481752,0,1,0
193,193,顏振弘,臺北達欣工程,C,1,0,196,90,15,4.9,2.9,0.5,0.9,0.4,0.3,1.9,141,2115,0.4416,0.1429,0.5714,0.4385,2.1,4.7,0,0,0.7,1.2,2.1,4.8,689,410,67,130,58,40,269,4.9,0.4375,0.459834835,0.144508671,1,0,0
194,194,呂承樺,臺北達欣工程,F,1,0,197,85,2,0.4,0.1,0,0.2,0.2,0,0.9,11,27,0.25,0,0,0.25,0.2,0.7,0,0,0,0,0.2,0.7,4,1,0,2,2,0,10,0,0.285714286,0.285714286,0.222222222,0,1,0
195,195,何守正,富邦勇士,F,1,1,197,98,26,11.1,4.2,1.3,1.3,0.5,0.2,1.5,283,7264,0.5198,0.332,0.6891,0.4362,2.8,5.4,1.4,4.3,1.3,1.8,4.2,9.7,3149,1182,355,360,137,51,429,10,0.505154639,0.528974457,0.110244233,0,1,0
196,196,陳鑫堯,金門酒廠,G,1,0,173,73,9,2.5,0.9,0.7,1,0.5,0,0.7,44,376,0.4769,0.2264,0.5238,0.3644,0.7,1.5,0.3,1.2,0.3,0.5,1,2.7,109,41,30,43,21,0,29,1.7,0.425925926,0.428082192,0.255102041,0,0,1
197,197,桑一慶,金門酒廠,F,1,0,193,86,8,0.9,0.9,0.5,0.6,0.3,0,0.6,8,61,0.1538,0.5,0,0.2,0.3,1.6,0.1,0.3,0,0.3,0.4,1.9,7,7,4,5,2,0,5,0.2,0.236842105,0.221456693,0.227963526,0,1,0
198,198,黃啟峰,台中璞園建築,F,1,0,192,85,13,4.2,1.8,0.7,0.6,0.4,0.1,1.2,225,2817,0.5415,0.3007,0.6792,0.4953,1.4,2.7,0.2,0.6,0.7,1.1,1.6,3.3,944,406,148,132,79,19,275,4.5,0.515151515,0.554968288,0.136861314,0,1,0
199,199,簡嘉宏,台中璞園建築,F,1,1,197,108,24,11.5,4.8,1.4,1.7,0.6,0.3,1.7,226,5330,0.4718,0.2843,0.7183,0.4369,3.8,8,0.5,1.8,2.4,3.3,4.3,9.8,2595,1092,323,385,132,71,380,10.5,0.464285714,0.511020263,0.13125386,0,1,0
200,200,毛加恩,台中璞園建築,F,1,1,195,93,22,10.4,4.5,2,2.4,1,0.3,2.4,205,4498,0.4555,0.2941,0.7138,0.4284,3.6,7.8,0.5,1.6,1.9,2.7,4,9.4,2141,924,417,490,205,60,495,9.6,0.45212766,0.491122025,0.184785956,0,1,0
201,201,賴佳圻,台灣啤酒,C,1,0,198,95,6,1,1.3,0.2,0.5,0.3,0,1.2,6,37,0.3333,0,0,0.3333,0.5,1.5,0,0,0,0.3,0.5,1.5,6,8,1,3,2,0,7,1,0.333333333,0.306372549,0.234521576,1,0,0
202,202,賴國維,台灣啤酒,G,1,0,180,78,14,3.8,1.3,1.7,1.1,0.5,0,1.1,95,1332,0.3514,0.3038,0.7097,0.3181,0.4,1.2,0.8,2.7,0.5,0.7,1.2,3.9,359,126,162,101,48,1,107,3.3,0.41025641,0.451520913,0.207234363,0,0,1
203,203,德瑞克,新北裕隆納智捷,F,0,0,206,125,23,13.7,9.2,0.7,2.9,0.6,0.3,3.2,10,228,0.438,0,0.6538,0.4348,6,13.7,0,0.1,1.7,2.6,6,13.8,137,92,7,29,6,3,32,12.9,0.434782609,0.458377944,0.162519614,0,1,0
204,204,姜仕峰,新北裕隆納智捷,G,1,0,182,78,16,4.4,2.5,1.8,1.5,0.7,0.1,1.9,62,996,0.4269,0.0313,0.6667,0.3836,1.8,4.2,0,0.5,0.8,1.2,1.8,4.7,273,156,114,92,43,8,116,4.7,0.382978723,0.420811018,0.22294887,0,0,1
205,205,簡明富,臺灣銀行,G,1,0,163,68,20,6.6,2.5,2.5,1.9,1.1,0,2.2,187,3809,0.4283,0.3163,0.7224,0.3597,1,2.4,1.2,3.8,0.9,1.3,2.2,6.2,1228,462,465,363,210,1,412,6.4,0.451612903,0.48730065,0.219095941,0,0,1
206,206,莊曉文,臺灣銀行,F,1,0,190,95,18,5.9,3,1,0.8,0.6,0.3,1.6,282,4985,0.3997,0.2935,0.602,0.339,1.1,2.8,1.1,3.7,0.4,0.7,2.2,6.5,1665,855,288,232,180,89,443,5.4,0.423076923,0.433313749,0.105152471,0,1,0
207,207,田壘,臺北達欣工程,F,1,1,202,104,33,19.3,8.8,2.2,2.2,1.4,1.5,2.2,253,8239,0.4998,0.3252,0.7115,0.427,4.7,9.3,2.2,6.7,3.5,4.9,6.8,16,4883,2222,563,545,360,381,554,20.4,0.49375,0.531504737,0.108076243,0,1,0
208,208,林育揚,臺北達欣工程,F,1,0,192,85,5,1.4,0.6,0.1,0.4,0.4,0,1,27,134,0.375,0,0.6667,0.3,0.3,0.9,0,0.2,0.7,1.1,0.3,1.1,38,17,4,10,12,1,27,0.9,0.272727273,0.441919192,0.201612903,0,1,0
209,209,林志隆,台灣大雲豹,G,1,0,173,80,18,5.1,2.9,1.9,1.4,0.9,0,2,162,2892,0.4545,0.3846,0.6507,0.4254,1.2,2.6,0.7,1.8,0.6,0.9,1.9,4.4,820,471,310,220,142,1,327,6.6,0.511363636,0.531693078,0.225952227,0,0,1
210,210,許誠文,台灣大雲豹,C,1,0,197,115,9,2.6,1.7,0.3,0.7,0.2,0.2,1.6,171,1491,0.4397,0.3043,0.5185,0.4327,1.1,2.5,0,0.1,0.3,0.6,1.1,2.6,449,298,51,127,35,40,267,2.5,0.423076923,0.453910615,0.19640853,1,0,0
211,211,賴桂林,台灣大雲豹,G,1,0,183,76,4,1.2,0.5,0.2,0.7,0.2,0,0.8,24,107,0.3889,0.0769,0.5714,0.2581,0.3,0.8,0,0.5,0.5,0.9,0.3,1.3,29,11,4,17,4,1,18,0,0.230769231,0.353773585,0.292153589,0,0,1
212,212,黃巨導,金門酒廠,F,1,0,195,83,10,2.2,1.6,0.3,0.3,0.3,0.3,1.6,158,1574,0.3773,0.284,0.5205,0.3368,0.5,1.4,0.3,1.1,0.2,0.5,0.8,2.5,348,250,51,46,45,48,246,2.4,0.38,0.404411765,0.099337748,0,1,0
213,213,吳俊雄,金門酒廠,G,1,0,200,100,13,3.6,3.3,0.5,1,0.3,0.2,2,168,2121,0.4333,0.0833,0.6226,0.4192,1.5,3.4,0,0.1,0.6,0.9,1.5,3.5,599,549,84,161,51,27,342,4.6,0.428571429,0.46201232,0.204248366,0,0,1
214,214,王男桂,金門酒廠,G,1,0,180,84,13,5.5,1.2,0.4,0.7,0.4,0,1.6,164,2086,0.4365,0.3773,0.7045,0.3869,0.3,0.8,1.5,4,0.4,0.5,1.8,4.7,910,193,67,111,68,5,257,3.8,0.542553191,0.558943089,0.12455516,0,0,1
215,215,陳信安,台中璞園建築,F,1,1,196,90,28,16.2,6.1,3.1,2.1,0.9,0.4,1.9,121,3441,0.4811,0.3361,0.6769,0.417,3.6,7.4,2,5.9,3.1,4.6,5.6,13.3,1961,744,378,257,109,51,234,15.4,0.496240602,0.528582616,0.120523416,0,1,0
216,216,潘仁德,台灣啤酒,G,1,0,178,82,9,3.5,1,0.4,0.5,0.3,0,0.8,141,1315,0.4357,0.3427,0.7634,0.3921,0.7,1.7,0.5,1.5,0.5,0.7,1.3,3.2,500,135,62,69,39,6,106,2.6,0.484375,0.498859749,0.124750499,0,0,1
217,217,陳濡群,台灣啤酒,F,1,0,190,86,5,1.9,0.4,0.3,0.4,0,0.1,0.8,14,67,0.5,0.75,0.8571,0.5625,0.4,0.9,0.2,0.3,0.4,0.5,0.6,1.1,27,6,4,6,0,1,11,1.7,0.636363636,0.71969697,0.23255814,0,1,0
218,218,陳昱安,新北裕隆納智捷,F,1,0,195,80,5,1.7,0.7,0.2,0.4,0.2,0,0.7,57,307,0.4444,0.2807,0.5556,0.3529,0.4,0.8,0.3,1,0.2,0.3,0.6,1.8,98,40,12,20,9,2,42,1.1,0.416666667,0.439958592,0.171526587,0,1,0
219,219,索羅門,新北裕隆納智捷,C,0,0,215,109,28,12.7,14.2,0.5,2,0.7,2,3,30,851,0.4716,0,0.6346,0.4702,5.3,11.2,0,0,2.2,3.5,5.3,11.2,382,425,15,61,22,60,91,20.9,0.473214286,0.498430141,0.13568521,1,0,0
220,220,李啟億,新北裕隆納智捷,F,1,0,200,95,25,9.4,5.4,2.1,2,0.7,0.8,2.6,253,6200,0.5004,0.3517,0.7339,0.4389,2.2,4.5,1.1,3.2,1.6,2.2,3.3,7.6,2386,1355,543,509,168,207,654,11.5,0.506578947,0.548552754,0.189250568,0,1,0
221,221,侯威呈,臺灣銀行,F,1,0,196,95,6,1.8,0.9,0.2,0.4,0.1,0.1,0.7,36,214,0.4028,0,0.4545,0.3973,0.8,2,0,0,0.1,0.3,0.8,2,63,34,7,15,5,2,24,1.3,0.4,0.422138837,0.157977883,0,1,0
222,222,陳禹誌,臺灣銀行,F,1,0,193,95,15,4.4,2.8,0.3,0.9,0.2,0.2,1.8,108,1634,0.462,0.25,0.8017,0.434,1.6,3.4,0.1,0.5,0.9,1.1,1.7,3.9,475,301,34,92,26,23,191,4.6,0.448717949,0.501824818,0.170325511,0,1,0
223,223,李豐永,臺北達欣工程,C,1,0,198,101,20,5.7,3.7,1.1,1.6,0.5,0.3,2.3,211,4145,0.4414,0.3222,0.6287,0.3874,1.3,2.9,0.8,2.4,0.8,1.3,2.1,5.3,1205,773,223,333,116,65,480,6,0.471698113,0.485354223,0.214132762,1,0,0
224,224,黃玟穎,臺北達欣工程,G,1,0,184,83,8,1.7,1,0.6,0.6,0.5,0,1,42,316,0.5227,0.0526,0.6176,0.381,0.5,1,0,0.5,0.5,0.8,0.6,1.5,70,44,24,27,21,1,42,2,0.4,0.458963283,0.244698206,0,0,1
225,225,楊政倫,臺北達欣工程,G,1,0,177,77,3,0.7,0.3,0.4,0.5,0.2,0,0.9,11,34,0.5,0,0.3333,0.5,0.3,0.5,0,0,0.2,0.5,0.3,0.5,8,3,4,6,2,0,10,0.6,0.6,0.486111111,0.409836066,0,0,1
226,226,洪啟超,臺北達欣工程,F,1,0,188,75,16,5.5,2.2,1.1,0.9,0.8,0.2,1.5,226,3586,0.4544,0.3264,0.6098,0.3908,1.2,2.6,0.8,2.5,0.7,1.2,2,5.1,1250,491,250,195,182,37,344,5.3,0.470588235,0.488628287,0.137867647,0,1,0
227,227,洪英哲,台灣大雲豹,C,1,0,200,96,9,1.5,1.4,0.4,0.6,0.2,0.5,1.7,142,1304,0.4038,0.25,0.3768,0.3956,0.6,1.5,0,0.1,0.2,0.5,0.6,1.6,207,203,56,90,27,66,240,2.1,0.375,0.412087912,0.247933884,1,0,0
228,228,王灝宇,金門酒廠,G,1,0,180,80,5,0.8,0.5,0.6,0.5,0.3,0,0.8,28,128,0.3077,0.2,0.6667,0.2903,0.3,0.9,0,0.2,0.1,0.2,0.3,1.1,23,15,16,13,9,1,22,0.8,0.272727273,0.336700337,0.296208531,0,0,1
229,229,蕭元昶,金門酒廠,F,1,0,195,90,17,4.2,4.5,0.6,1.1,0.4,0.2,2.7,196,3269,0.4331,0.2483,0.4828,0.3727,1.3,3.1,0.4,1.5,0.4,0.9,1.7,4.5,818,877,108,213,76,43,536,5.5,0.422222222,0.428921569,0.183455637,0,1,0
230,230,林義富,金門酒廠,F,1,0,188,95,10,2.5,1.5,0.4,0.3,0.5,0.2,1.6,11,114,0.2667,0.3529,0.5,0.3125,0.4,1.4,0.5,1.5,0.1,0.2,0.9,2.9,27,17,4,3,5,2,18,2.7,0.396551724,0.418340027,0.091240876,0,1,0
231,231,王鼎傑,台中璞園建築,G,1,0,180,75,8,4.6,1.5,0.9,1.1,0.6,0,1.3,17,143,0.4595,0.2791,0.9,0.3625,1,2.2,0.7,2.5,0.5,0.6,1.7,4.7,79,26,15,19,10,0,22,3.4,0.436170213,0.463336019,0.181398417,0,0,1
232,232,周資華,台灣啤酒,G,1,0,183,92,16,3.8,1.7,1.9,1.7,0.5,0,1.8,127,2008,0.392,0.2222,0.6968,0.3493,1.2,3,0.2,1,0.9,1.2,1.4,3.9,486,221,247,210,61,2,233,3.4,0.384615385,0.429087624,0.277415144,0,0,1
233,233,吳志遠,台灣啤酒,C,1,0,200,95,20,6.2,5.1,0.5,0.8,0.6,0.4,2.1,137,2718,0.5237,0.4112,0.7294,0.5074,2.4,4.6,0.3,0.8,0.5,0.6,2.7,5.4,856,698,74,109,77,50,293,9.2,0.527777778,0.547316384,0.123762376,1,0,0
234,234,楊玉明,台灣啤酒,G,1,0,178,78,24,11.9,2.3,2,1.7,0.9,0,1.7,255,6070,0.4801,0.3261,0.7531,0.4085,2.5,5.2,1.5,4.5,2.4,3.2,4,9.8,3024,582,502,433,223,9,428,8.8,0.484693878,0.530870807,0.131701271,0,0,1
235,235,張晸輝,台灣啤酒,F,1,0,198,88,10,2.9,2.3,0.5,0.5,0.1,0.2,0.9,15,148,0.2593,0.2727,0.7333,0.2653,0.5,1.8,0.4,1.5,0.7,1,0.9,3.3,43,34,7,8,2,3,14,2.8,0.333333333,0.387700535,0.117924528,0,1,0
236,236,吳志偉,新北裕隆納智捷,C,1,0,202,98,13,6.1,3.2,0.7,1,0.3,0.3,1.7,206,2584,0.5143,0.2407,0.726,0.5,2.4,4.8,0.1,0.3,1,1.4,2.5,5,1251,652,138,201,53,62,345,6.7,0.51,0.543091168,0.15114873,1,0,0
237,237,劉瑞生,臺灣銀行,G,1,0,175,77,10,2.3,1.2,1,0.6,0.5,0,1,100,965,0.386,0.3191,0.6552,0.3716,0.7,1.7,0.2,0.5,0.6,0.9,0.8,2.2,234,122,98,62,45,1,98,2.7,0.409090909,0.442989214,0.187734668,0,0,1
238,238,胡裕偉,臺灣銀行,G,1,0,190,110,12,3.8,2,0.7,0.9,0.5,0.1,1,193,2255,0.4504,0.2736,0.6364,0.372,1,2.1,0.5,1.7,0.4,0.7,1.4,3.8,726,381,133,165,88,23,197,3.5,0.434210526,0.462512171,0.17971246,0,0,1
239,239,陳聖亞,臺灣銀行,G,1,0,185,83,6,1.9,0.9,0.3,0.7,0.5,0.2,0.9,46,294,0.3426,0,0.3824,0.3274,0.8,2.3,0,0.1,0.3,0.7,0.8,2.5,87,41,16,34,22,7,42,1,0.32,0.338319088,0.1995439,0,0,1
240,240,楊承融,臺灣銀行,C,1,0,200,115,6,1.4,1.2,0.1,0.4,0.1,0.2,1.6,36,216,0.4681,0,0.4167,0.4583,0.6,1.3,0,0,0.1,0.3,0.6,1.3,49,44,5,16,3,6,56,1.7,0.461538462,0.488826816,0.218340611,1,0,0
241,241,陳俊傑,臺灣銀行,G,1,0,181,82,12,4.3,1.5,1.3,1.1,0.5,0,1.3,93,1078,0.3689,0.3884,0.7,0.3815,0.5,1.3,0.9,2.4,0.5,0.8,1.4,3.7,400,142,117,102,43,1,121,3.9,0.5,0.530602172,0.213509317,0,0,1
242,242,徐偉勝,臺灣銀行,C,1,0,198,90,19,6.6,3.3,1.1,1.6,0.5,0.6,2.2,177,3317,0.4617,0.2974,0.6893,0.4242,2,4.4,0.4,1.3,1.4,2,2.4,5.7,1175,585,192,292,81,105,385,6.6,0.456140351,0.501519757,0.195599022,1,0,0
243,243,詹尼斯,金門酒廠,C,0,0,200,105,37,16.4,21.1,0.8,2.1,1.3,1.3,1.8,28,1038,0.467,0,0.5202,0.4646,6.6,14.1,0,0.1,3.2,6.2,6.6,14.1,458,591,21,60,36,36,51,28.3,0.468085106,0.4872831,0.110946746,1,0,0
244,244,李俊逸,金門酒廠,G,1,0,182,78,9,2.6,0.5,0.4,0.4,0.3,0,1.7,19,169,0.32,0.275,0,0.2923,0.4,1.3,0.6,2.1,0,0,1,3.4,49,9,7,7,5,0,33,1,0.382352941,0.382352941,0.105263158,0,0,1
245,245,張益銘,金門酒廠,G,1,0,185,85,12,3.8,2.2,1.2,0.9,0.5,0,0.9,158,1915,0.4636,0.315,0.7111,0.3876,0.8,1.7,0.5,1.7,0.6,0.9,1.3,3.4,596,347,182,136,79,7,142,4.4,0.455882353,0.50052687,0.19165247,0,0,1
246,246,駱正坤,金門酒廠,F,1,0,196,100,4,0.4,0.9,0.1,0.2,0.1,0.1,0.9,17,70,0.2,0,0.25,0.2,0.1,0.6,0,0,0.1,0.5,0.1,0.6,6,15,1,3,1,2,15,0.5,0.166666667,0.243902439,0.196078431,0,1,0
247,247,林煥超,台中璞園建築,F,1,0,202,120,6,1.1,1.2,0.1,0.7,0.1,0,1,82,502,0.3535,0,0.5833,0.3535,0.4,1.2,0,0,0.3,0.4,0.4,1.2,91,99,7,60,8,2,82,0.9,0.333333333,0.399709302,0.337186898,0,1,0
248,248,楊敬敏,台灣啤酒,G,1,1,190,90,30,14.5,4.4,1.9,2.2,1.3,0.1,1.6,242,7164,0.4967,0.333,0.7421,0.4356,3.8,7.6,1.5,4.5,2.4,3.3,5.3,12.1,3501,1059,451,539,304,30,399,12.3,0.5,0.534976387,0.139664804,0,0,1
249,249,哈孝遠,台灣啤酒,C,1,0,200,118,14,5.9,4.2,0.4,1.2,0.3,0.6,2.8,200,2895,0.4895,0.2973,0.6887,0.4822,2.3,4.7,0.1,0.2,1.1,1.6,2.4,4.9,1180,836,72,236,63,124,555,7.2,0.5,0.526409707,0.176366843,1,0,0
250,250,許凱傑,臺灣銀行,C,1,0,198,110,10,2.6,1.6,0.4,0.7,0.2,0.2,1.2,104,1054,0.4187,0.2414,0.5417,0.4,1,2.4,0.1,0.3,0.4,0.7,1.1,2.6,266,169,41,73,23,21,121,2.5,0.442307692,0.447042641,0.194013304,1,0,0
251,251,孫煥博,臺灣銀行,G,1,0,183,83,21,8.1,2.9,2.7,2.8,0.7,0,2.2,22,459,0.4836,0.32,0.7059,0.4558,2.7,5.5,0.4,1.1,1.6,2.3,3,6.7,178,63,60,61,15,1,49,7.2,0.47761194,0.525155602,0.266362253,0,0,1
252,252,姚俊傑,達欣工程,F,1,0,192,102,10,4.7,1.9,0.3,0.7,0.2,0.1,1.6,69,687,0.583,0.4,0.6951,0.5789,1.9,3.2,0,0.1,0.8,1.2,1.9,3.3,323,130,23,51,11,6,111,4.7,0.575757576,0.613897597,0.15459364,0,1,0
253,253,歐陽進恆,台灣大雲豹,G,1,0,191,90,21,11.1,3.2,1.3,1.8,0.8,0.1,2.3,188,4036,0.4773,0.3407,0.7339,0.4369,3,6.3,0.9,2.7,2.3,3.1,3.9,9,2079,606,235,333,159,19,430,8.8,0.483333333,0.535507526,0.147977639,0,0,1
254,254,陳暉,台灣大雲豹,G,1,0,180,85,25,5.7,3.9,3.2,1.9,1.1,0.1,2.5,225,5634,0.4453,0.3142,0.6442,0.3748,1.1,2.4,0.9,2.8,0.9,1.4,1.9,5.2,1281,873,716,436,256,23,567,8.3,0.451923077,0.49002751,0.246241576,0,0,1
255,255,康昭翔,台灣大雲豹,C,1,0,208,120,6,0.8,1.5,0.3,0.9,0.2,0.2,0.9,13,76,0.2174,0,0.25,0.2174,0.4,1.8,0,0,0.1,0.3,0.4,1.8,11,19,4,12,2,2,12,0.5,0.222222222,0.207039337,0.31779661,1,0,0
256,256,張銘哲,金門酒廠,F,1,0,190,89,5,2.3,1.2,0.3,0.3,0.2,0.1,1.2,38,202,0.5088,0.3,0.4545,0.4545,0.8,1.5,0.2,0.5,0.3,0.6,0.9,2,86,45,10,10,8,5,46,2.4,0.5,0.50795053,0.11700468,0,1,0
257,257,高天麒,金門酒廠,G,1,0,177,74,17,4,2.9,2.2,1.5,0.8,0.1,2.2,82,1380,0.3883,0.3136,0.6122,0.3611,1,2.5,0.5,1.4,0.7,1.2,1.4,4,331,235,177,126,65,9,182,5.4,0.4125,0.441696113,0.248838752,0,0,1
258,258,陳力維,金門酒廠,F,1,0,184,82,3,1,0.2,0,0.4,0.1,0,0.4,9,28,0.3333,0,0.3333,0.3077,0.4,1.3,0,0.1,0.1,0.3,0.4,1.4,9,2,0,4,1,0,4,-0.3,0.285714286,0.326370757,0.207039337,0,1,0
259,259,曾文鼎,裕隆納智捷,C,1,1,202,90,32,15,8.6,2.9,2.8,1.2,2.3,2.7,189,6118,0.532,0.2806,0.7108,0.5155,5.6,10.5,0.2,0.7,3.2,4.6,5.8,11.2,2843,1633,546,523,227,436,513,20.4,0.526785714,0.567150635,0.174737893,1,0,0
260,260,李學林,裕隆納智捷,G,1,1,175,75,28,9.4,4.2,3.4,1.5,1.4,0.1,1.5,180,5059,0.5542,0.4,0.7905,0.4918,2.2,4.1,1.1,2.8,1.6,2,3.3,6.8,1685,749,605,264,260,12,273,13.1,0.566176471,0.611979167,0.163398693,0,0,1
261,261,吳洋輝,裕隆納智捷,F,1,0,195,88,11,2.9,2,0.2,0.7,0.2,0.4,1.6,122,1322,0.4346,0.2,0.6096,0.4309,1.1,2.5,0,0,0.7,1.2,1.1,2.5,358,248,27,81,27,49,201,3.1,0.44,0.478863937,0.18776824,0,1,0
262,262,許時清,臺灣銀行,F,1,0,194,90,8,3.8,1.1,0.2,0.6,0.2,0,1.2,100,819,0.4221,0.284,0.7041,0.3587,0.8,2,0.5,1.7,0.7,1,1.3,3.7,381,105,20,58,18,3,117,2,0.418918919,0.458937198,0.126582278,0,1,0
263,263,黃寶賜,達欣工程,G,1,0,182,70,14,4.5,1.7,1.7,1.3,0.7,0,1.2,151,2181,0.5647,0.3484,0.7154,0.4758,1.2,2.1,0.5,1.5,0.6,0.8,1.7,3.6,677,250,262,191,104,3,176,5.2,0.541666667,0.569331984,0.247524752,0,0,1
264,264,許澤鑫,台灣大雲豹,G,1,0,177,70,20,5.3,2.6,1.9,1.5,1.2,0,1.7,149,2931,0.4832,0.3489,0.6691,0.4124,1.1,2.2,0.9,2.4,0.6,0.9,1.9,4.6,788,387,277,227,173,4,259,6.5,0.510869565,0.530424339,0.23091133,0,0,1
265,265,桑德斯,璞園建築,F,0,0,200,96,35,21,15.3,4.3,2.9,1.4,1.4,2.5,88,3044,0.5399,0.3529,0.741,0.5323,7.4,13.7,0.2,0.6,5.6,7.6,7.6,14.2,1847,1348,379,252,127,120,224,31.9,0.542253521,0.598495212,0.14185091,0,1,0
266,266,林志傑,台灣啤酒,F,1,1,192,95,34,20.7,6.9,3.2,3.4,1.3,0.4,2.3,174,5910,0.5251,0.3478,0.6954,0.4305,4.1,7.8,3.1,8.9,3.2,4.7,7.2,16.7,3600,1206,552,599,219,73,395,18.1,0.523952096,0.551470588,0.153374233,0,1,0
267,267,賴國弘,台灣大雲豹,F,1,1,198,91,19,10.1,4,0.7,1.6,0.3,0.2,1.9,115,2181,0.5756,0,0.6512,0.5743,4.3,7.4,0,0,1.6,2.4,4.3,7.4,1165,465,86,189,34,27,217,9.8,0.581081081,0.597209082,0.15910899,0,1,0
268,268,羅興樑,台灣大雲豹,G,1,1,183,85,25,12.3,3.6,2,1.8,1.2,0.1,1.1,159,3964,0.4873,0.3718,0.7836,0.4295,2.4,4.9,1.8,5,2,2.5,4.3,9.9,1960,569,312,279,187,10,172,11.3,0.525252525,0.559090909,0.140625,0,0,1
269,269,顏行書,台灣啤酒,G,1,1,183,80,21,7.2,3.2,3,1.6,1.4,0.2,1.6,50,1045,0.5024,0.3367,0.7424,0.4495,2.1,4.2,0.7,2,1,1.3,2.8,6.1,358,158,152,78,69,12,80,9.8,0.516393443,0.539568345,0.193423598,0,0,1
270,270,李孝澤,台灣啤酒,G,1,0,175,80,12,4.9,1.3,0.8,1.6,0.4,0,1.3,19,220,0.4727,0.4444,0.6923,0.4658,1.4,2.9,0.4,0.9,0.9,1.4,1.8,3.8,94,25,16,30,8,0,24,3.3,0.526315789,0.554800725,0.265957447,0,0,1
271,271,吳政育,台灣大雲豹,G,1,0,186,80,12,5.1,1.2,0.7,0.7,0.4,0,1.1,42,492,0.4507,0.3492,0.7727,0.3858,0.8,1.7,1,3,0.4,0.5,1.8,4.7,213,49,29,31,16,1,48,3.7,0.489361702,0.518292683,0.12455516,0,0,1
272,272,林信華,台灣大雲豹,F,1,0,198,93,16,5.2,4.1,0.8,1.7,0.4,0.6,2.4,92,1517,0.4873,0.1111,0.6066,0.4779,1.9,3.8,0,0.1,1.4,2.3,1.9,3.9,475,381,76,154,35,51,217,6.5,0.487179487,0.529315961,0.257108288,0,1,0
273,273,陳泉旭,璞園建築,F,1,0,187,93,12,3.6,2.1,0.4,0.7,0.2,0.1,1.5,19,229,0.4237,0.0833,0.625,0.3662,1.3,3.1,0.1,0.6,0.8,1.3,1.4,3.7,68,39,8,13,4,1,28,2.9,0.391891892,0.421348315,0.140788415,0,1,0
274,274,高立民,璞園建築,F,1,0,194,84,15,5.1,3.1,0.5,0.9,0.4,0.4,2.3,111,1626,0.434,0.4118,0.5949,0.4333,2,4.5,0.1,0.2,1,1.8,2,4.7,571,342,54,104,45,42,260,5.1,0.436170213,0.464311726,0.140801001,0,1,0
275,275,周俊三,台灣啤酒,G,1,1,173,73,24,8.2,3.1,3.9,1.9,1.2,0.1,1.4,86,2076,0.4474,0.3541,0.7235,0.4073,1.8,4,1.1,3,1.4,2,2.8,7,702,268,333,161,100,12,124,9.8,0.478571429,0.520304569,0.194274029,0,0,1
276,276,林哲維,台灣啤酒,F,1,0,195,90,10,2.1,2.1,0.3,0.6,0.5,0.6,1.3,31,320,0.6296,0.3,0.3846,0.4561,0.5,0.9,0.3,1,0.2,0.4,0.8,1.8,66,66,8,19,16,18,39,3.8,0.527777778,0.531376518,0.232919255,0,1,0
277,277,周泓諭,裕隆納智捷,F,1,0,195,92,13,4.8,2.4,1.1,0.9,0.3,0.2,1.7,132,1669,0.5191,0.2921,0.7901,0.4831,1.9,3.6,0.2,0.7,0.5,0.6,2.1,4.3,632,315,147,114,38,22,224,5.6,0.511627907,0.525854514,0.164714495,0,1,0
278,278,邱啟益,裕隆納智捷,G,1,0,182,72,14,6.1,1.4,1,1.1,0.6,0,1.7,85,1227,0.5353,0.3296,0.75,0.4476,1.5,2.8,0.7,2.1,1,1.4,2.2,4.9,522,122,83,91,47,2,147,4.9,0.520408163,0.552936911,0.166263603,0,0,1
279,279,鄭常君,達欣工程,G,1,0,176,71,9,4,1.2,0.5,0.5,0.4,0,1.2,85,788,0.4694,0.3559,0.6707,0.3964,0.5,1.2,0.7,2.1,0.6,1,1.3,3.2,336,104,43,46,30,0,102,3.3,0.515625,0.549450549,0.120772947,0,0,1
280,280,游育倫,達欣工程,G,1,0,175,75,8,1.7,0.8,1.1,0.7,0.4,0,0.9,40,322,0.5,0.5,0.7647,0.5,0.4,0.7,0.2,0.5,0.3,0.4,0.6,1.2,68,33,44,27,16,1,36,2.6,0.583333333,0.617732558,0.337186898,0,0,1
281,281,陳立偉,緯來獵人,G,1,0,180,75,15,4.1,1.9,1.3,1.3,0.4,0,1.8,26,378,0.5,0.4146,0.9032,0.4493,0.5,1.1,0.7,1.6,1.1,1.2,1.2,2.7,107,50,34,35,10,0,46,4.8,0.574074074,0.635068154,0.287102473,0,0,1
282,282,王傳鑑,東森羚羊,F,1,0,196,85,22,9.3,4.9,0.6,2.3,0.5,0.8,2.7,61,1351,0.4787,0.1667,0.7011,0.4667,3.5,7.3,0,0.3,2.1,3,3.6,7.6,566,296,38,142,32,46,162,8.9,0.473684211,0.521300448,0.204991087,0,1,0
283,283,廖偉成,東森羚羊,F,1,0,197,106,13,3.9,3.4,0.4,1.3,0.3,0.2,2,68,868,0.4582,0,0.6491,0.4545,1.7,3.7,0,0,0.5,0.8,1.7,3.7,267,230,30,85,19,13,136,4.6,0.459459459,0.48124383,0.242899851,0,1,0
284,284,劉義祥,東風,C,1,1,200,110,28,9.8,5.7,1.3,2.5,0.7,0.9,2.7,46,1280,0.4686,0.3291,0.6379,0.4408,3.2,6.9,0.6,1.7,1.6,2.5,3.8,8.6,450,263,58,117,31,40,124,10.2,0.476744186,0.505154639,0.204918033,1,0,0
285,285,丁國柱,東風,G,1,0,180,70,8,4.6,1.2,0.7,1.4,0.6,0.1,1.1,9,75,0.3429,0.25,0.7368,0.3333,1.3,3.9,0.1,0.4,1.6,2.1,1.4,4.3,41,11,6,13,5,1,10,2.4,0.337209302,0.440275651,0.211352657,0,0,1
286,286,范耿祥,達欣,G,1,0,165,65,13,2.7,2.1,1.5,1.2,0.8,0,1.5,59,747,0.4898,0.3293,0.6905,0.3893,0.4,0.8,0.5,1.4,0.5,0.7,0.9,2.2,158,122,90,73,46,0,90,4.4,0.522727273,0.538277512,0.323624595,0,0,1
287,287,林佳皇,緯來,G,1,0,185,83,19,8.6,1.5,1.1,1.1,0.8,0.1,2.2,77,1427,0.4695,0.3264,0.7778,0.3775,1.3,2.8,1.6,5,1.1,1.4,2.9,7.7,659,112,87,82,64,9,173,5.9,0.480519481,0.517075517,0.11682243,0,0,1
288,288,熊仁正,緯來,F,1,0,192,90,22,6.1,3.8,1.2,1.1,0.9,0.1,2.5,58,1297,0.5114,0.3319,0.5957,0.3804,0.8,1.5,1.4,4.1,0.5,0.8,2.1,5.6,355,221,70,64,53,4,146,7.2,0.5,0.512432796,0.155984118,0,1,0
289,289,黃春雄,緯來,C,1,1,200,98,23,6.6,4.9,1,1.2,0.9,0.8,1.9,67,1538,0.5857,0.2921,0.5255,0.5088,2.2,3.7,0.4,1.3,1.1,2,2.6,5.1,444,331,64,80,59,51,124,9.6,0.549019608,0.551839465,0.167130919,1,0,0
290,290,鍾維國,幼敏,G,1,0,183,65,11,2.4,1.5,0.8,0.8,0.4,0,1.4,70,753,0.3827,0.2909,0.7432,0.3456,0.4,1.2,0.2,0.8,0.8,1.1,0.7,1.9,165,106,57,55,29,2,99,2.8,0.421052632,0.503355705,0.251256281,0,0,1
291,291,曾凡鳴,幼敏,G,1,0,183,75,4,1.3,1.1,0.1,0.5,0.3,0.1,0.8,18,76,0.6,0.25,0.5625,0.5,0.3,0.6,0.1,0.2,0.5,0.9,0.4,0.8,24,20,2,9,5,2,14,1.6,0.5625,0.543478261,0.294811321,0,0,1
292,292,呂嘉豪,幼敏,F,1,0,195,90,14,3.8,3.7,0.4,1.8,0.5,0.2,2.9,30,412,0.3398,1.5,0.7907,0.3619,1.2,3.4,0.1,0.1,1.1,1.4,1.3,3.5,113,112,12,54,14,6,86,4.3,0.385714286,0.461613217,0.304259635,0,1,0
293,293,謝志偉,幼敏,F,1,0,193,83,12,3.7,2.7,0.2,1,0.5,0.1,2.6,35,419,0.4405,0.2326,0.5652,0.3701,1.1,2.4,0.3,1.2,0.7,1.3,1.3,3.6,130,96,7,36,17,5,92,3.3,0.402777778,0.443432407,0.193348801,0,1,0
294,294,林哲立,台啤,F,1,0,186,85,4,1.1,0.3,0.2,0.7,0.1,0,0.8,12,51,0.2857,0.2727,0,0.2778,0.2,0.6,0.3,0.9,0,0.2,0.4,1.5,13,4,2,8,1,0,10,-0.3,0.366666667,0.346347607,0.305944056,0,1,0
295,295,劉哲郎,臺灣銀行,F,1,0,187,85,9,3.7,1.8,0.5,0.5,0.5,0,1.5,15,128,0.5714,0.1667,0.6,0.5122,1.3,2.3,0.1,0.4,0.8,1.3,1.4,2.7,55,27,8,7,7,0,22,4.2,0.537037037,0.565403423,0.132555673,0,1,0
296,296,許智超,達欣工程,F,1,1,190,83,26,12.5,3.6,1.3,1.4,0.8,0.2,1.6,52,1337,0.5934,0.3857,0.8462,0.5622,4.5,7.6,0.5,1.3,1.9,2.3,5,9,650,185,66,74,44,9,85,12.6,0.583333333,0.624250899,0.122677883,0,1,0
297,297,趙家群,東森羚羊,G,1,0,185,77,10,2.4,2.6,1,0.8,0.4,0,1.2,16,156,0.425,0,0.3333,0.3617,1.1,2.5,0,0.4,0.3,0.8,1.1,2.9,38,42,16,12,6,0,19,3.3,0.379310345,0.36900369,0.197433366,0,0,1
298,298,楊世豪,新浪,F,1,0,193,80,15,6,3,0.7,1.2,0.5,0.3,1.7,13,191,0.4177,0.2,0.8182,0.4048,2.5,6.1,0.1,0.4,0.7,0.8,2.6,6.5,78,39,9,16,7,4,22,5.3,0.407692308,0.437828371,0.149031297,0,1,0
299,299,徐涌譯,新浪,G,1,0,192,73,14,5.5,2.1,0.9,1.1,0.6,0.1,1.6,47,678,0.503,0.3243,0.6563,0.4477,1.8,3.5,0.5,1.6,0.4,0.7,2.3,5.1,259,101,42,52,27,4,77,5,0.5,0.508505917,0.169022741,0,0,1
300,300,駱大偉,台灣啤酒,F,1,0,192,90,5,0.7,1,0.1,0.6,0.3,0.1,0.9,7,37,0.1667,0.1,0,0.125,0.1,0.9,0.1,1.4,0,0.3,0.3,2.3,5,7,1,4,2,1,6,-0.7,0.152173913,0.143914474,0.197889182,0,1,0
301,301,邱宗志,裕隆,F,1,1,198,90,11,2.7,1.6,0.3,0.6,0.5,0.3,1,30,340,0.4545,0.25,0.2703,0.3571,0.7,1.5,0.3,1.3,0.3,1.2,1,2.8,80,47,10,19,15,10,31,2.1,0.410714286,0.405649038,0.152749491,0,1,0
302,302,高正侃,達欣工程,F,1,0,188,78,8,2.5,1.6,0.4,0.9,0.2,0,0.9,17,141,0.3659,0.5,0.7778,0.3778,0.9,2.4,0.1,0.2,0.4,0.5,1,2.6,43,28,6,16,3,0,15,2.1,0.403846154,0.443262411,0.241935484,0,1,0
303,303,林正達,中廣戰神,F,1,0,195,75,11,3.8,2.2,0.4,1.1,0.5,0.3,1.3,15,160,0.5135,0.2,0.7143,0.4231,1.3,2.5,0.2,1,0.7,0.9,1.5,3.5,57,33,6,16,8,4,20,3.9,0.457142857,0.487679671,0.220176141,0,1,0
304,304,檀伯強,明基新浪,C,1,0,203,111,10,3,2.2,0.1,0.9,0.2,0.3,2.1,21,203,0.4894,0.5,0.5833,0.4898,1.1,2.2,0,0.1,0.7,1.1,1.1,2.3,63,47,2,19,4,7,44,3.3,0.47826087,0.538793103,0.244299674,1,0,0
305,305,林裕書,明基新浪,C,1,0,193,93,8,3.5,1.1,0.4,1.1,0.5,0.1,1.5,17,139,0.3571,0.2609,0.6667,0.3231,0.9,2.5,0.4,1.4,0.7,1.1,1.2,3.8,60,18,7,19,9,1,26,1.5,0.368421053,0.408496732,0.204309064,1,0,0
306,306,陳建州,台灣啤酒,F,1,0,190,90,6,1.8,1.2,0.1,0.3,0.1,0.1,1.2,17,109,0.4167,0,0,0.4054,0.9,2.1,0,0.1,0,0,0.9,2.2,30,20,1,5,2,2,20,1.7,0.409090909,0.409090909,0.12,0,1,0